/**
 * 
 * »спользу¤ сервис http://filldb.info или другой по вашему желанию, сгенерировать тестовые данные дл¤ всех таблиц, 
 * учитыва¤ логику св¤зей. ƒл¤ всех таблиц, где это имеет смысл, создать не менее 100 строк. 
 * —оздать локально Ѕƒ vk и загрузить в неЄ тестовые данные.
 * 
 */

drop database if exists vk;
create database vk;
use vk;

#
# TABLE STRUCTURE FOR: users
#

DROP TABLE IF EXISTS `users`;

CREATE TABLE `users` (
  `id` bigint(20) unsigned NOT NULL AUTO_INCREMENT,
  `firstname` varchar(100) DEFAULT NULL,
  `lastname` varchar(100) DEFAULT NULL,
  `email` varchar(100) DEFAULT NULL,
  `password_hash` varchar(255) DEFAULT NULL,
  `phone` bigint(20) unsigned DEFAULT NULL,
  PRIMARY KEY (`id`),
  UNIQUE KEY `id` (`id`),
  UNIQUE KEY `email` (`email`),
  KEY `email_2` (`email`),
  KEY `phone` (`phone`)
) ENGINE=InnoDB AUTO_INCREMENT=101 DEFAULT CHARSET=utf8;

INSERT INTO `users` (`id`, `firstname`, `lastname`, `email`, `password_hash`, `phone`) VALUES ('1', 'Sharon', 'Kling', 'millie16@example.com', '52a6e6fd35863e912b9960e1d87bb7c89d7f8b7a', '686645');
INSERT INTO `users` (`id`, `firstname`, `lastname`, `email`, `password_hash`, `phone`) VALUES ('2', 'Annalise', 'Reichert', 'flegros@example.net', '12cd708193f2dd034cd5a50bc75e5c71e2ebf577', '329');
INSERT INTO `users` (`id`, `firstname`, `lastname`, `email`, `password_hash`, `phone`) VALUES ('3', 'Ava', 'McGlynn', 'jordan.corwin@example.org', 'ed3d68c7946bc8c9224a623ffa718b44b7f06159', '1');
INSERT INTO `users` (`id`, `firstname`, `lastname`, `email`, `password_hash`, `phone`) VALUES ('4', 'Pascale', 'Schinner', 'dariana.berge@example.org', '8d7e2ba8d7142758282280ec5494dc6700bf5467', '19');
INSERT INTO `users` (`id`, `firstname`, `lastname`, `email`, `password_hash`, `phone`) VALUES ('5', 'Burnice', 'Effertz', 'emard.jerrell@example.net', '3bb160c84781856c6dc68a66b25f4ae11f4ff519', '1');
INSERT INTO `users` (`id`, `firstname`, `lastname`, `email`, `password_hash`, `phone`) VALUES ('6', 'Gaston', 'Schiller', 'asia69@example.org', 'c4223c906520c07a28d75992359b8e34ae5ffe83', '0');
INSERT INTO `users` (`id`, `firstname`, `lastname`, `email`, `password_hash`, `phone`) VALUES ('7', 'Mariana', 'Wiza', 'hvandervort@example.org', '699479de4569f92cfec46ee4aa2b1c66071c72c6', '1');
INSERT INTO `users` (`id`, `firstname`, `lastname`, `email`, `password_hash`, `phone`) VALUES ('8', 'Blanca', 'Rogahn', 'jessica98@example.net', 'e7796e5c2bfa31f3b0cdb526d580657eaf19a27d', '1');
INSERT INTO `users` (`id`, `firstname`, `lastname`, `email`, `password_hash`, `phone`) VALUES ('9', 'Rebeca', 'Glover', 'eulalia.cole@example.org', 'c5bf1cb0759d294b6bd81f7df908b8a5bb0fb81f', '1');
INSERT INTO `users` (`id`, `firstname`, `lastname`, `email`, `password_hash`, `phone`) VALUES ('10', 'Amy', 'Hauck', 'eladio.hintz@example.org', '79e24e2ada60e58ec5afb0d885ddc434dac8dd80', '2960494032');
INSERT INTO `users` (`id`, `firstname`, `lastname`, `email`, `password_hash`, `phone`) VALUES ('11', 'Greta', 'Konopelski', 'mraynor@example.net', '8594877215dd5509057f150fff5f7f080eb74ee7', '306');
INSERT INTO `users` (`id`, `firstname`, `lastname`, `email`, `password_hash`, `phone`) VALUES ('12', 'Buford', 'Hessel', 'maia.schaden@example.com', 'ab037c527f4ff8959dffe2e6997216636fa4ad5a', '6664840848');
INSERT INTO `users` (`id`, `firstname`, `lastname`, `email`, `password_hash`, `phone`) VALUES ('13', 'Darian', 'Abshire', 'larue88@example.net', '9f809e67d2d7bb18a137bbba3482dd4785454fbd', '80');
INSERT INTO `users` (`id`, `firstname`, `lastname`, `email`, `password_hash`, `phone`) VALUES ('14', 'Angelina', 'Rempel', 'harris.nadia@example.net', '3e2553f79329e370e4854480221d4c7ea7948e7f', '0');
INSERT INTO `users` (`id`, `firstname`, `lastname`, `email`, `password_hash`, `phone`) VALUES ('15', 'Shad', 'Quigley', 'mante.dan@example.org', 'dea3914c22303e8ffb6c0f507d730584f66ce209', '1');
INSERT INTO `users` (`id`, `firstname`, `lastname`, `email`, `password_hash`, `phone`) VALUES ('16', 'Abigale', 'Cummings', 'robel.aracely@example.org', 'c2cfbecbce0478961bce16e45f33357d0820aa9a', '0');
INSERT INTO `users` (`id`, `firstname`, `lastname`, `email`, `password_hash`, `phone`) VALUES ('17', 'Aaliyah', 'Hammes', 'gladys53@example.org', '893f9601091814d931460f8481e3e61dfb539844', '495');
INSERT INTO `users` (`id`, `firstname`, `lastname`, `email`, `password_hash`, `phone`) VALUES ('18', 'Aiyana', 'Hoppe', 'hansen.isaiah@example.com', '6b2ca2a9e21776404549c0cdbbb3d90c489c5f12', '774');
INSERT INTO `users` (`id`, `firstname`, `lastname`, `email`, `password_hash`, `phone`) VALUES ('19', 'Harold', 'Kessler', 'smith.dora@example.org', 'bf5eb17315fb04804a7514313d4113bf6ad72888', '0');
INSERT INTO `users` (`id`, `firstname`, `lastname`, `email`, `password_hash`, `phone`) VALUES ('20', 'Arden', 'Hoeger', 'maxwell.will@example.com', '6e35943e705170760b8ee215addd41725b05e1fe', '0');
INSERT INTO `users` (`id`, `firstname`, `lastname`, `email`, `password_hash`, `phone`) VALUES ('21', 'Winona', 'Jones', 'abbott.roman@example.net', 'a307861d203c96cc222d28439620f12c31ce35dd', '1');
INSERT INTO `users` (`id`, `firstname`, `lastname`, `email`, `password_hash`, `phone`) VALUES ('22', 'Nyah', 'Schamberger', 'elockman@example.net', '7e57de700ef4ff1a4d1eb2859a6970e81770c446', '225');
INSERT INTO `users` (`id`, `firstname`, `lastname`, `email`, `password_hash`, `phone`) VALUES ('23', 'Annalise', 'Zieme', 'jaunita06@example.com', '64dfbf86358c5a4850dc2775ce28fd6c04fa95c5', '512545');
INSERT INTO `users` (`id`, `firstname`, `lastname`, `email`, `password_hash`, `phone`) VALUES ('24', 'Kylee', 'Hauck', 'odouglas@example.net', 'db703b81da763f8242173a06e24ef735f627531c', '1');
INSERT INTO `users` (`id`, `firstname`, `lastname`, `email`, `password_hash`, `phone`) VALUES ('25', 'Laurianne', 'Harris', 'edgar50@example.org', 'b9db9116dd5b41cc98000f2acce52f99c21151a8', '94');
INSERT INTO `users` (`id`, `firstname`, `lastname`, `email`, `password_hash`, `phone`) VALUES ('26', 'Pansy', 'Lowe', 'braxton.witting@example.com', '5d0d6ac8d52df765a3e98976055ff16cb42787cc', '0');
INSERT INTO `users` (`id`, `firstname`, `lastname`, `email`, `password_hash`, `phone`) VALUES ('27', 'Lurline', 'Hilll', 'ron00@example.org', '26fc4ea10fe25d3df358a507eba48ab4e582648c', '1');
INSERT INTO `users` (`id`, `firstname`, `lastname`, `email`, `password_hash`, `phone`) VALUES ('28', 'Alexanne', 'Harber', 'aurelie96@example.org', '1d9d9b049546aa0f6fd262123947e834665d92ee', '1');
INSERT INTO `users` (`id`, `firstname`, `lastname`, `email`, `password_hash`, `phone`) VALUES ('29', 'Nick', 'Hermiston', 'rgulgowski@example.org', 'f8785fa08b4e9b18e780d11214c668a1776193fc', '8745307944');
INSERT INTO `users` (`id`, `firstname`, `lastname`, `email`, `password_hash`, `phone`) VALUES ('30', 'Griffin', 'Schinner', 'jacobs.johnny@example.org', '2c12d14a69518988887d0d562a850e53536e5a8c', '757467');
INSERT INTO `users` (`id`, `firstname`, `lastname`, `email`, `password_hash`, `phone`) VALUES ('31', 'Marcelo', 'Bruen', 'carmel15@example.org', '3448bf038dcadde25149a39d488a08d3f5ad4706', '9885942456');
INSERT INTO `users` (`id`, `firstname`, `lastname`, `email`, `password_hash`, `phone`) VALUES ('32', 'Preston', 'Von', 'ronaldo.murphy@example.org', '6f32f9ed11d2df9774b126068f5fa5711d6a40ec', '1');
INSERT INTO `users` (`id`, `firstname`, `lastname`, `email`, `password_hash`, `phone`) VALUES ('33', 'Violette', 'Berge', 'steuber.orin@example.net', 'c071b0b5553162cfa9dd57dd6621ac26961d8a9e', '468187');
INSERT INTO `users` (`id`, `firstname`, `lastname`, `email`, `password_hash`, `phone`) VALUES ('34', 'Zion', 'Stoltenberg', 'hauck.shad@example.com', '03ec4705aa2a45fe1815bf7079d49fd0f0c459e7', '157');
INSERT INTO `users` (`id`, `firstname`, `lastname`, `email`, `password_hash`, `phone`) VALUES ('35', 'Domenica', 'Douglas', 'ymohr@example.org', 'd4b2ad80ef39690f7d4934cbd41eda4fae98ac85', '947');
INSERT INTO `users` (`id`, `firstname`, `lastname`, `email`, `password_hash`, `phone`) VALUES ('36', 'Reid', 'Lindgren', 'izabella57@example.net', 'ce6e4d6712c377667a049cdeba1b3f22ac976f51', '1');
INSERT INTO `users` (`id`, `firstname`, `lastname`, `email`, `password_hash`, `phone`) VALUES ('37', 'Kylie', 'Emmerich', 'vbreitenberg@example.org', 'afcd49ef628f1903537bf155635c98db0804818a', '1');
INSERT INTO `users` (`id`, `firstname`, `lastname`, `email`, `password_hash`, `phone`) VALUES ('38', 'Chelsea', 'Boehm', 'beahan.tommie@example.com', '64de5b66b9c9266d4aaa4d45e1c48bc19b8bb393', '922072');
INSERT INTO `users` (`id`, `firstname`, `lastname`, `email`, `password_hash`, `phone`) VALUES ('39', 'Eugene', 'Zieme', 'larry35@example.com', 'c599d236928ff2cb51fbb4d802c39a82ce3529f0', '747221');
INSERT INTO `users` (`id`, `firstname`, `lastname`, `email`, `password_hash`, `phone`) VALUES ('40', 'Kay', 'Gusikowski', 'cydney63@example.net', 'd22276bcc0f0354b568bc7ae6a3972736d0235d7', '17');
INSERT INTO `users` (`id`, `firstname`, `lastname`, `email`, `password_hash`, `phone`) VALUES ('41', 'Micah', 'Kub', 'alaina.willms@example.net', 'ffd8f8e4b063b2d4fd7728f0428c10f1a9946003', '7744737339');
INSERT INTO `users` (`id`, `firstname`, `lastname`, `email`, `password_hash`, `phone`) VALUES ('42', 'Edward', 'Bernier', 'lstanton@example.net', '988985470c133c4bd226cbd95d79ac5c1e972b1f', '0');
INSERT INTO `users` (`id`, `firstname`, `lastname`, `email`, `password_hash`, `phone`) VALUES ('43', 'Adolf', 'Hammes', 'rosalia.bartoletti@example.com', '79f8c2b2d828b0893f8fb3884dc2db2a69718b70', '279');
INSERT INTO `users` (`id`, `firstname`, `lastname`, `email`, `password_hash`, `phone`) VALUES ('44', 'Laurence', 'Satterfield', 'mya50@example.com', '24c29cd1eaff40831cdb32127dcd5fe32116fa31', '9865709312');
INSERT INTO `users` (`id`, `firstname`, `lastname`, `email`, `password_hash`, `phone`) VALUES ('45', 'Nelda', 'Cassin', 'elsie.kling@example.com', '24e29df95edd17d199c80af13d1cbbd1b4d196e0', '0');
INSERT INTO `users` (`id`, `firstname`, `lastname`, `email`, `password_hash`, `phone`) VALUES ('46', 'Westley', 'Moen', 'rubie31@example.com', 'e644f5efb9785acba436ebc806f294ec368b7be5', '651');
INSERT INTO `users` (`id`, `firstname`, `lastname`, `email`, `password_hash`, `phone`) VALUES ('47', 'Elijah', 'Gaylord', 'abbott.seamus@example.net', '032225d34c248453f2c100e08155850c7699e761', '0');
INSERT INTO `users` (`id`, `firstname`, `lastname`, `email`, `password_hash`, `phone`) VALUES ('48', 'Marcos', 'Graham', 'domingo.braun@example.org', '05156083b757ac66e9a1e075eab5f996346ac855', '0');
INSERT INTO `users` (`id`, `firstname`, `lastname`, `email`, `password_hash`, `phone`) VALUES ('49', 'Braulio', 'Maggio', 'crystel.gorczany@example.org', '97cfb75641a52860fbeaa1a68ca317dc5e769b4c', '0');
INSERT INTO `users` (`id`, `firstname`, `lastname`, `email`, `password_hash`, `phone`) VALUES ('50', 'Camren', 'Hills', 'krajcik.paul@example.com', '2e4a933b135f63bba19276da247aa2e98de22581', '205');
INSERT INTO `users` (`id`, `firstname`, `lastname`, `email`, `password_hash`, `phone`) VALUES ('51', 'Mireille', 'Hyatt', 'o\'conner.shakira@example.com', 'abca56ddcfa07d67a9760f52022094ec9f65f0d4', '158');
INSERT INTO `users` (`id`, `firstname`, `lastname`, `email`, `password_hash`, `phone`) VALUES ('52', 'Neha', 'Stamm', 'dustin07@example.com', '5419a4f39a3f0576dfcea95c02584fb602bbf933', '830637');
INSERT INTO `users` (`id`, `firstname`, `lastname`, `email`, `password_hash`, `phone`) VALUES ('53', 'Mike', 'Armstrong', 'maximillian.roob@example.org', '2d4dfcfed6f7ac993f0193c0ab082c6584df874b', '1');
INSERT INTO `users` (`id`, `firstname`, `lastname`, `email`, `password_hash`, `phone`) VALUES ('54', 'Concepcion', 'Lakin', 'otis67@example.net', 'e872365cbe664c25e3cddd3b6dd465b258b09059', '0');
INSERT INTO `users` (`id`, `firstname`, `lastname`, `email`, `password_hash`, `phone`) VALUES ('55', 'Sigurd', 'Toy', 'izaiah.jones@example.net', '99fcd42995039ab85dded2936057121960851668', '0');
INSERT INTO `users` (`id`, `firstname`, `lastname`, `email`, `password_hash`, `phone`) VALUES ('56', 'Casimer', 'Doyle', 'hillary72@example.org', '20ba52a6a4cf119b86307d37fa8731c066a7873f', '1');
INSERT INTO `users` (`id`, `firstname`, `lastname`, `email`, `password_hash`, `phone`) VALUES ('57', 'Elza', 'Runte', 'cade.legros@example.org', '14c8eed0c79f8168ebc5223b4d37e3dab268a2db', '191');
INSERT INTO `users` (`id`, `firstname`, `lastname`, `email`, `password_hash`, `phone`) VALUES ('58', 'Kian', 'Rath', 'marcelina50@example.net', '0fa1d8b1ebe224e0f719dd7055bf30e4022c01f2', '0');
INSERT INTO `users` (`id`, `firstname`, `lastname`, `email`, `password_hash`, `phone`) VALUES ('59', 'Amir', 'Predovic', 'aida.beahan@example.com', 'c617cd7fa777c6472a0258eb0849aa6387a54fc6', '1');
INSERT INTO `users` (`id`, `firstname`, `lastname`, `email`, `password_hash`, `phone`) VALUES ('60', 'Jermey', 'Anderson', 'maggio.delfina@example.com', 'eeab4ef47653f3eca46265fa0c4a0a4d4a1eb0e4', '1');
INSERT INTO `users` (`id`, `firstname`, `lastname`, `email`, `password_hash`, `phone`) VALUES ('61', 'Allison', 'Christiansen', 'schuppe.chesley@example.org', '2a466fc2d087f59b5ff75cb8e8c7053e641d99ee', '820075');
INSERT INTO `users` (`id`, `firstname`, `lastname`, `email`, `password_hash`, `phone`) VALUES ('62', 'Leonie', 'Stracke', 'o\'reilly.breana@example.org', '32fa569fe0811710e2cf07a91fc803e4bc265cda', '304');
INSERT INTO `users` (`id`, `firstname`, `lastname`, `email`, `password_hash`, `phone`) VALUES ('63', 'Adrienne', 'Fay', 'reilly.isom@example.org', 'b8faee24691bd29a5c97e4886321994e97a5c639', '119');
INSERT INTO `users` (`id`, `firstname`, `lastname`, `email`, `password_hash`, `phone`) VALUES ('64', 'Katelyn', 'Towne', 'dewitt54@example.net', '728db54d50eebef2afc61d640c32d1e30784f89f', '0');
INSERT INTO `users` (`id`, `firstname`, `lastname`, `email`, `password_hash`, `phone`) VALUES ('65', 'Madonna', 'Boyle', 'reichert.missouri@example.net', '4077c7b5356b230a627bf63d8512638e1c57b70f', '1');
INSERT INTO `users` (`id`, `firstname`, `lastname`, `email`, `password_hash`, `phone`) VALUES ('66', 'Maynard', 'Schaefer', 'ferne.kuvalis@example.net', '67d73d3058182d8b8f4bca317a774fb0728b150d', '767946');
INSERT INTO `users` (`id`, `firstname`, `lastname`, `email`, `password_hash`, `phone`) VALUES ('67', 'Grover', 'Mertz', 'dooley.armand@example.org', 'f762d3ce1f86896d46f98f07e4d2ad192fa1516b', '1');
INSERT INTO `users` (`id`, `firstname`, `lastname`, `email`, `password_hash`, `phone`) VALUES ('68', 'Pat', 'Kessler', 'yasmin.wolff@example.net', 'b782fb1694f0497f8b866d4beb5553d7d035da13', '589152');
INSERT INTO `users` (`id`, `firstname`, `lastname`, `email`, `password_hash`, `phone`) VALUES ('69', 'Adela', 'DuBuque', 'asa.mann@example.com', 'cbcc4524682b65b55a95239f8fb4078f27688ae7', '1');
INSERT INTO `users` (`id`, `firstname`, `lastname`, `email`, `password_hash`, `phone`) VALUES ('70', 'Damian', 'Greenfelder', 'sandra93@example.com', '86c8a7c5ff6c1c4d5a8eaf89089f256417935c35', '0');
INSERT INTO `users` (`id`, `firstname`, `lastname`, `email`, `password_hash`, `phone`) VALUES ('71', 'Leora', 'Huel', 'rylee.pagac@example.com', 'db94a2449546c36403f617596ffb822bf41d9d0d', '567');
INSERT INTO `users` (`id`, `firstname`, `lastname`, `email`, `password_hash`, `phone`) VALUES ('72', 'Hilma', 'Mitchell', 'mozell.sipes@example.com', '7c6343e490207a3c3234058e71149858e271919f', '1');
INSERT INTO `users` (`id`, `firstname`, `lastname`, `email`, `password_hash`, `phone`) VALUES ('73', 'Gavin', 'Brown', 'thiel.jordi@example.com', '746baa707393f0fdd6e1f1a11d5fc86a242b082d', '757002');
INSERT INTO `users` (`id`, `firstname`, `lastname`, `email`, `password_hash`, `phone`) VALUES ('74', 'Oliver', 'Harber', 'elian.nolan@example.org', '60d034cf1851155f4f4aba56f6f13b3153fb2d68', '0');
INSERT INTO `users` (`id`, `firstname`, `lastname`, `email`, `password_hash`, `phone`) VALUES ('75', 'Yasmin', 'Considine', 'jtorp@example.com', '2b59fd73a807932b1c44a580393c7e27f890a62a', '62371');
INSERT INTO `users` (`id`, `firstname`, `lastname`, `email`, `password_hash`, `phone`) VALUES ('76', 'Alexandre', 'Stokes', 'santino22@example.net', 'a67ab4b9d5293f49444cf5997101dfd95ed5a8a0', '275');
INSERT INTO `users` (`id`, `firstname`, `lastname`, `email`, `password_hash`, `phone`) VALUES ('77', 'Keshawn', 'Gusikowski', 'estella70@example.net', '63332e92e0432018c05e68a6753522ffcf7c1e72', '1');
INSERT INTO `users` (`id`, `firstname`, `lastname`, `email`, `password_hash`, `phone`) VALUES ('78', 'Hector', 'McCullough', 'mcclure.christophe@example.net', '54bfdad7799a656fa9bfc4b60661378e74ce7c60', '0');
INSERT INTO `users` (`id`, `firstname`, `lastname`, `email`, `password_hash`, `phone`) VALUES ('79', 'Violette', 'Feil', 'kitty.kris@example.com', '9105fb525319ef56508d7201c9ea8dfe91e111e5', '1');
INSERT INTO `users` (`id`, `firstname`, `lastname`, `email`, `password_hash`, `phone`) VALUES ('80', 'Nico', 'Gulgowski', 'zlehner@example.com', '5a2574044f8f70a971bdb3294631e7f8fd3223bb', '37030');
INSERT INTO `users` (`id`, `firstname`, `lastname`, `email`, `password_hash`, `phone`) VALUES ('81', 'Johnathon', 'Murray', 'rocky44@example.com', 'a64239defbc6e4f3dab58e8b91d48af430f9aa92', '0');
INSERT INTO `users` (`id`, `firstname`, `lastname`, `email`, `password_hash`, `phone`) VALUES ('82', 'Jonathon', 'Ferry', 'kory30@example.org', 'b47ce274f0f6c7ccca262c860d094236372ce69d', '50');
INSERT INTO `users` (`id`, `firstname`, `lastname`, `email`, `password_hash`, `phone`) VALUES ('83', 'Jordon', 'Gulgowski', 'garry24@example.com', 'e8d7d64f3e64a0f8391c82b6bb38544900fe7bfa', '60');
INSERT INTO `users` (`id`, `firstname`, `lastname`, `email`, `password_hash`, `phone`) VALUES ('84', 'Julie', 'Weimann', 'dtorp@example.net', 'd9a3b307ece6ceddfa6021bedf8337f5b40ed2a4', '1');
INSERT INTO `users` (`id`, `firstname`, `lastname`, `email`, `password_hash`, `phone`) VALUES ('85', 'Lue', 'Bernhard', 'ydare@example.org', 'bc346fef1da8d58a0026f1babd04cd1772753dd8', '832');
INSERT INTO `users` (`id`, `firstname`, `lastname`, `email`, `password_hash`, `phone`) VALUES ('86', 'Ambrose', 'Huels', 'bspencer@example.com', '3de307eabdcff478f2545da0476ee7decf651de3', '1');
INSERT INTO `users` (`id`, `firstname`, `lastname`, `email`, `password_hash`, `phone`) VALUES ('87', 'Granville', 'Haag', 'gutkowski.romaine@example.org', '6b76fee1de728df96e8c78fcf87e81826b877410', '0');
INSERT INTO `users` (`id`, `firstname`, `lastname`, `email`, `password_hash`, `phone`) VALUES ('88', 'Ashlee', 'Harvey', 'rath.gail@example.net', '4cfc3a30403f0698eee896dbcf74b72a29a70692', '0');
INSERT INTO `users` (`id`, `firstname`, `lastname`, `email`, `password_hash`, `phone`) VALUES ('89', 'Mara', 'Koepp', 'boyle.eunice@example.net', '82fd46428712a3f714f730763243aa82121d0c41', '734063');
INSERT INTO `users` (`id`, `firstname`, `lastname`, `email`, `password_hash`, `phone`) VALUES ('90', 'Jo', 'Sipes', 'vicente.d\'amore@example.net', '3daff2dd0a129734e78a862793b3a610f3b186d7', '1');
INSERT INTO `users` (`id`, `firstname`, `lastname`, `email`, `password_hash`, `phone`) VALUES ('91', 'Nadia', 'Connelly', 'jarrell.mcclure@example.com', '4315841f0cb7d5e7ab66371e49739e5d1c3a790b', '645');
INSERT INTO `users` (`id`, `firstname`, `lastname`, `email`, `password_hash`, `phone`) VALUES ('92', 'Alf', 'Lind', 'icummerata@example.net', 'fe48e81532b69ead519a276c933d61accf8dcfde', '445254');
INSERT INTO `users` (`id`, `firstname`, `lastname`, `email`, `password_hash`, `phone`) VALUES ('93', 'Curt', 'Runte', 'twila24@example.net', '42e1f0b690a7cfb152ebdaec3eba870c96bf79b2', '1');
INSERT INTO `users` (`id`, `firstname`, `lastname`, `email`, `password_hash`, `phone`) VALUES ('94', 'Marguerite', 'Hansen', 'enikolaus@example.net', 'ff28797193ad8c9e979d704291499b37359b68d6', '870');
INSERT INTO `users` (`id`, `firstname`, `lastname`, `email`, `password_hash`, `phone`) VALUES ('95', 'Lori', 'Collins', 'stark.ewell@example.com', '4c8255cd67561b26b7ad10dff92b50eb3ecc5aa4', '0');
INSERT INTO `users` (`id`, `firstname`, `lastname`, `email`, `password_hash`, `phone`) VALUES ('96', 'Sunny', 'Schultz', 'johns.theodora@example.com', 'e52dfb63c4a52e306ab8d49b9cb6c4152a1d286b', '992');
INSERT INTO `users` (`id`, `firstname`, `lastname`, `email`, `password_hash`, `phone`) VALUES ('97', 'Cielo', 'Schulist', 'desmond18@example.org', '8927a154d7772717c63daaf6b638c5128f1b5069', '635681');
INSERT INTO `users` (`id`, `firstname`, `lastname`, `email`, `password_hash`, `phone`) VALUES ('98', 'Judy', 'Treutel', 'hlebsack@example.net', 'ce856aacd45638eefeea25705e5b26550f0de638', '0');
INSERT INTO `users` (`id`, `firstname`, `lastname`, `email`, `password_hash`, `phone`) VALUES ('99', 'Cordia', 'Stiedemann', 'ckuphal@example.org', 'a330cc7a62c7891e529f9af13239a9902bc8e6b9', '507');
INSERT INTO `users` (`id`, `firstname`, `lastname`, `email`, `password_hash`, `phone`) VALUES ('100', 'Rosalinda', 'Muller', 'tianna95@example.org', 'ae88545fcff47271bf18cfbf55c802bbba2ca4a5', '77');


#
# TABLE STRUCTURE FOR: friend_request
#

DROP TABLE IF EXISTS `friend_request`;

CREATE TABLE `friend_request` (
  `from_user_id` bigint(20) unsigned NOT NULL,
  `to_user_id` bigint(20) unsigned NOT NULL,
  `status` enum('subscrited','unsubscribed','waited','declined') DEFAULT NULL,
  `created_at` datetime DEFAULT current_timestamp(),
  `updated_at` datetime DEFAULT current_timestamp(),
  PRIMARY KEY (`from_user_id`,`to_user_id`),
  KEY `to_user_id` (`to_user_id`),
  KEY `status` (`status`),
  CONSTRAINT `friend_request_ibfk_1` FOREIGN KEY (`from_user_id`) REFERENCES `users` (`id`),
  CONSTRAINT `friend_request_ibfk_2` FOREIGN KEY (`to_user_id`) REFERENCES `users` (`id`)
) ENGINE=InnoDB DEFAULT CHARSET=utf8;

INSERT INTO `friend_request` (`from_user_id`, `to_user_id`, `status`, `created_at`, `updated_at`) VALUES ('1', '1', 'declined', '2004-01-16 12:16:30', '2001-03-08 22:45:49');
INSERT INTO `friend_request` (`from_user_id`, `to_user_id`, `status`, `created_at`, `updated_at`) VALUES ('2', '2', 'unsubscribed', '1978-08-28 07:14:56', '1979-04-02 05:36:32');
INSERT INTO `friend_request` (`from_user_id`, `to_user_id`, `status`, `created_at`, `updated_at`) VALUES ('3', '3', 'unsubscribed', '2015-06-18 06:34:33', '2009-01-28 03:31:38');
INSERT INTO `friend_request` (`from_user_id`, `to_user_id`, `status`, `created_at`, `updated_at`) VALUES ('4', '4', 'subscrited', '2008-01-26 21:54:42', '1979-12-28 16:38:21');
INSERT INTO `friend_request` (`from_user_id`, `to_user_id`, `status`, `created_at`, `updated_at`) VALUES ('5', '5', 'unsubscribed', '1996-04-12 16:28:31', '1991-10-22 09:39:09');
INSERT INTO `friend_request` (`from_user_id`, `to_user_id`, `status`, `created_at`, `updated_at`) VALUES ('6', '6', 'declined', '1980-10-08 23:14:44', '2015-11-24 07:24:38');
INSERT INTO `friend_request` (`from_user_id`, `to_user_id`, `status`, `created_at`, `updated_at`) VALUES ('7', '7', 'unsubscribed', '1973-08-22 02:45:27', '1988-03-04 03:01:27');
INSERT INTO `friend_request` (`from_user_id`, `to_user_id`, `status`, `created_at`, `updated_at`) VALUES ('8', '8', 'waited', '1988-11-14 06:46:44', '1978-07-31 03:40:26');
INSERT INTO `friend_request` (`from_user_id`, `to_user_id`, `status`, `created_at`, `updated_at`) VALUES ('9', '9', 'subscrited', '1985-08-02 13:09:22', '2017-08-24 10:47:14');
INSERT INTO `friend_request` (`from_user_id`, `to_user_id`, `status`, `created_at`, `updated_at`) VALUES ('10', '10', 'unsubscribed', '1991-10-22 05:13:09', '1993-05-18 00:07:04');
INSERT INTO `friend_request` (`from_user_id`, `to_user_id`, `status`, `created_at`, `updated_at`) VALUES ('11', '11', 'declined', '1987-10-05 18:15:31', '2009-06-01 22:02:38');
INSERT INTO `friend_request` (`from_user_id`, `to_user_id`, `status`, `created_at`, `updated_at`) VALUES ('12', '12', 'waited', '2011-08-20 14:23:53', '2010-12-07 20:23:36');
INSERT INTO `friend_request` (`from_user_id`, `to_user_id`, `status`, `created_at`, `updated_at`) VALUES ('13', '13', 'declined', '1974-12-03 17:02:02', '2004-12-13 23:20:51');
INSERT INTO `friend_request` (`from_user_id`, `to_user_id`, `status`, `created_at`, `updated_at`) VALUES ('14', '14', 'subscrited', '2002-05-27 23:23:11', '1985-07-10 20:13:38');
INSERT INTO `friend_request` (`from_user_id`, `to_user_id`, `status`, `created_at`, `updated_at`) VALUES ('15', '15', 'declined', '2006-05-14 09:56:45', '1974-12-27 09:24:01');
INSERT INTO `friend_request` (`from_user_id`, `to_user_id`, `status`, `created_at`, `updated_at`) VALUES ('16', '16', 'waited', '2005-07-01 15:33:51', '1992-01-31 05:19:47');
INSERT INTO `friend_request` (`from_user_id`, `to_user_id`, `status`, `created_at`, `updated_at`) VALUES ('17', '17', 'unsubscribed', '2004-11-23 11:20:23', '2011-11-28 02:07:00');
INSERT INTO `friend_request` (`from_user_id`, `to_user_id`, `status`, `created_at`, `updated_at`) VALUES ('18', '18', 'unsubscribed', '2011-06-21 22:48:03', '1992-11-17 01:53:32');
INSERT INTO `friend_request` (`from_user_id`, `to_user_id`, `status`, `created_at`, `updated_at`) VALUES ('19', '19', 'waited', '1989-04-07 17:33:47', '2009-12-08 02:30:45');
INSERT INTO `friend_request` (`from_user_id`, `to_user_id`, `status`, `created_at`, `updated_at`) VALUES ('20', '20', 'declined', '1991-05-12 21:34:46', '1983-07-30 03:05:26');
INSERT INTO `friend_request` (`from_user_id`, `to_user_id`, `status`, `created_at`, `updated_at`) VALUES ('21', '21', 'subscrited', '2000-10-30 21:57:40', '2013-03-03 05:02:50');
INSERT INTO `friend_request` (`from_user_id`, `to_user_id`, `status`, `created_at`, `updated_at`) VALUES ('22', '22', 'waited', '1988-05-21 01:03:48', '2012-12-22 13:30:12');
INSERT INTO `friend_request` (`from_user_id`, `to_user_id`, `status`, `created_at`, `updated_at`) VALUES ('23', '23', 'subscrited', '1973-05-23 23:51:21', '1981-01-09 15:51:29');
INSERT INTO `friend_request` (`from_user_id`, `to_user_id`, `status`, `created_at`, `updated_at`) VALUES ('24', '24', 'subscrited', '1999-12-05 15:56:07', '2004-06-15 13:47:34');
INSERT INTO `friend_request` (`from_user_id`, `to_user_id`, `status`, `created_at`, `updated_at`) VALUES ('25', '25', 'unsubscribed', '1983-11-02 23:10:47', '1978-01-22 03:22:41');
INSERT INTO `friend_request` (`from_user_id`, `to_user_id`, `status`, `created_at`, `updated_at`) VALUES ('26', '26', 'unsubscribed', '1992-12-12 16:29:39', '1975-12-21 08:45:42');
INSERT INTO `friend_request` (`from_user_id`, `to_user_id`, `status`, `created_at`, `updated_at`) VALUES ('27', '27', 'waited', '1983-03-07 23:24:34', '2002-05-03 13:50:26');
INSERT INTO `friend_request` (`from_user_id`, `to_user_id`, `status`, `created_at`, `updated_at`) VALUES ('28', '28', 'declined', '1997-06-05 03:19:41', '1991-11-23 12:06:09');
INSERT INTO `friend_request` (`from_user_id`, `to_user_id`, `status`, `created_at`, `updated_at`) VALUES ('29', '29', 'declined', '1980-06-27 04:31:24', '2018-09-12 04:23:09');
INSERT INTO `friend_request` (`from_user_id`, `to_user_id`, `status`, `created_at`, `updated_at`) VALUES ('30', '30', 'unsubscribed', '1972-07-29 11:28:48', '1999-04-11 10:47:29');
INSERT INTO `friend_request` (`from_user_id`, `to_user_id`, `status`, `created_at`, `updated_at`) VALUES ('31', '31', 'subscrited', '2004-06-14 03:42:25', '2012-01-03 14:12:22');
INSERT INTO `friend_request` (`from_user_id`, `to_user_id`, `status`, `created_at`, `updated_at`) VALUES ('32', '32', 'declined', '2002-01-24 08:30:00', '1977-10-14 17:44:23');
INSERT INTO `friend_request` (`from_user_id`, `to_user_id`, `status`, `created_at`, `updated_at`) VALUES ('33', '33', 'subscrited', '2012-02-06 23:24:16', '2000-07-08 16:38:44');
INSERT INTO `friend_request` (`from_user_id`, `to_user_id`, `status`, `created_at`, `updated_at`) VALUES ('34', '34', 'unsubscribed', '2009-03-11 17:27:50', '2003-09-01 22:03:19');
INSERT INTO `friend_request` (`from_user_id`, `to_user_id`, `status`, `created_at`, `updated_at`) VALUES ('35', '35', 'unsubscribed', '1974-11-08 15:30:59', '1991-05-13 03:37:19');
INSERT INTO `friend_request` (`from_user_id`, `to_user_id`, `status`, `created_at`, `updated_at`) VALUES ('36', '36', 'unsubscribed', '2010-03-26 05:13:18', '1992-06-12 12:36:06');
INSERT INTO `friend_request` (`from_user_id`, `to_user_id`, `status`, `created_at`, `updated_at`) VALUES ('37', '37', 'unsubscribed', '1990-01-11 19:42:10', '2014-12-10 15:26:46');
INSERT INTO `friend_request` (`from_user_id`, `to_user_id`, `status`, `created_at`, `updated_at`) VALUES ('38', '38', 'subscrited', '1979-10-04 21:43:02', '1976-12-05 01:41:11');
INSERT INTO `friend_request` (`from_user_id`, `to_user_id`, `status`, `created_at`, `updated_at`) VALUES ('39', '39', 'waited', '1978-08-01 04:05:14', '2019-07-17 16:52:32');
INSERT INTO `friend_request` (`from_user_id`, `to_user_id`, `status`, `created_at`, `updated_at`) VALUES ('40', '40', 'waited', '2017-02-04 00:13:34', '1994-08-17 07:31:23');
INSERT INTO `friend_request` (`from_user_id`, `to_user_id`, `status`, `created_at`, `updated_at`) VALUES ('41', '41', 'declined', '1978-04-22 16:32:00', '1999-01-10 06:19:51');
INSERT INTO `friend_request` (`from_user_id`, `to_user_id`, `status`, `created_at`, `updated_at`) VALUES ('42', '42', 'waited', '1977-06-13 05:53:20', '1998-06-23 21:59:31');
INSERT INTO `friend_request` (`from_user_id`, `to_user_id`, `status`, `created_at`, `updated_at`) VALUES ('43', '43', 'declined', '1998-01-13 07:35:33', '2018-10-20 14:31:31');
INSERT INTO `friend_request` (`from_user_id`, `to_user_id`, `status`, `created_at`, `updated_at`) VALUES ('44', '44', 'subscrited', '1973-08-10 07:43:05', '2019-07-12 22:42:15');
INSERT INTO `friend_request` (`from_user_id`, `to_user_id`, `status`, `created_at`, `updated_at`) VALUES ('45', '45', 'declined', '1987-10-06 15:33:43', '2008-01-06 19:45:38');
INSERT INTO `friend_request` (`from_user_id`, `to_user_id`, `status`, `created_at`, `updated_at`) VALUES ('46', '46', 'subscrited', '1979-07-26 14:09:53', '2011-02-13 00:24:10');
INSERT INTO `friend_request` (`from_user_id`, `to_user_id`, `status`, `created_at`, `updated_at`) VALUES ('47', '47', 'subscrited', '1979-01-11 21:01:27', '1986-06-04 19:13:14');
INSERT INTO `friend_request` (`from_user_id`, `to_user_id`, `status`, `created_at`, `updated_at`) VALUES ('48', '48', 'unsubscribed', '2011-04-03 05:53:17', '1982-04-06 01:19:13');
INSERT INTO `friend_request` (`from_user_id`, `to_user_id`, `status`, `created_at`, `updated_at`) VALUES ('49', '49', 'declined', '2004-05-15 02:56:49', '1974-09-05 01:03:10');
INSERT INTO `friend_request` (`from_user_id`, `to_user_id`, `status`, `created_at`, `updated_at`) VALUES ('50', '50', 'unsubscribed', '1991-06-15 23:02:12', '2012-09-22 00:22:07');
INSERT INTO `friend_request` (`from_user_id`, `to_user_id`, `status`, `created_at`, `updated_at`) VALUES ('51', '51', 'declined', '2009-03-30 12:25:08', '1988-10-24 23:03:27');
INSERT INTO `friend_request` (`from_user_id`, `to_user_id`, `status`, `created_at`, `updated_at`) VALUES ('52', '52', 'declined', '1981-04-18 05:32:35', '2006-10-07 07:11:19');
INSERT INTO `friend_request` (`from_user_id`, `to_user_id`, `status`, `created_at`, `updated_at`) VALUES ('53', '53', 'unsubscribed', '1978-02-04 04:10:07', '1992-11-06 11:57:34');
INSERT INTO `friend_request` (`from_user_id`, `to_user_id`, `status`, `created_at`, `updated_at`) VALUES ('54', '54', 'declined', '1970-07-06 21:50:03', '1996-01-09 17:28:27');
INSERT INTO `friend_request` (`from_user_id`, `to_user_id`, `status`, `created_at`, `updated_at`) VALUES ('55', '55', 'declined', '1992-08-02 04:53:50', '1981-09-10 23:49:34');
INSERT INTO `friend_request` (`from_user_id`, `to_user_id`, `status`, `created_at`, `updated_at`) VALUES ('56', '56', 'declined', '2007-03-16 18:48:28', '2002-10-19 19:47:59');
INSERT INTO `friend_request` (`from_user_id`, `to_user_id`, `status`, `created_at`, `updated_at`) VALUES ('57', '57', 'declined', '1986-03-28 06:10:38', '1997-06-28 13:50:51');
INSERT INTO `friend_request` (`from_user_id`, `to_user_id`, `status`, `created_at`, `updated_at`) VALUES ('58', '58', 'declined', '1978-09-23 17:31:40', '1973-08-30 00:41:09');
INSERT INTO `friend_request` (`from_user_id`, `to_user_id`, `status`, `created_at`, `updated_at`) VALUES ('59', '59', 'waited', '1993-05-03 09:08:13', '2007-09-20 22:52:34');
INSERT INTO `friend_request` (`from_user_id`, `to_user_id`, `status`, `created_at`, `updated_at`) VALUES ('60', '60', 'declined', '1993-06-28 04:05:15', '2005-04-26 16:33:09');
INSERT INTO `friend_request` (`from_user_id`, `to_user_id`, `status`, `created_at`, `updated_at`) VALUES ('61', '61', 'unsubscribed', '1974-04-07 23:14:03', '2009-12-09 22:02:17');
INSERT INTO `friend_request` (`from_user_id`, `to_user_id`, `status`, `created_at`, `updated_at`) VALUES ('62', '62', 'unsubscribed', '1981-08-13 18:18:40', '1986-12-01 19:30:42');
INSERT INTO `friend_request` (`from_user_id`, `to_user_id`, `status`, `created_at`, `updated_at`) VALUES ('63', '63', 'waited', '1999-07-20 17:08:33', '2010-06-05 05:34:39');
INSERT INTO `friend_request` (`from_user_id`, `to_user_id`, `status`, `created_at`, `updated_at`) VALUES ('64', '64', 'waited', '2013-12-26 04:38:12', '1979-10-20 01:40:12');
INSERT INTO `friend_request` (`from_user_id`, `to_user_id`, `status`, `created_at`, `updated_at`) VALUES ('65', '65', 'unsubscribed', '1988-08-22 01:51:17', '2018-08-03 22:04:58');
INSERT INTO `friend_request` (`from_user_id`, `to_user_id`, `status`, `created_at`, `updated_at`) VALUES ('66', '66', 'waited', '1995-02-09 05:40:16', '1972-12-12 16:04:06');
INSERT INTO `friend_request` (`from_user_id`, `to_user_id`, `status`, `created_at`, `updated_at`) VALUES ('67', '67', 'unsubscribed', '1987-02-25 16:56:44', '1997-06-08 06:43:50');
INSERT INTO `friend_request` (`from_user_id`, `to_user_id`, `status`, `created_at`, `updated_at`) VALUES ('68', '68', 'waited', '1987-01-03 22:42:31', '1980-07-10 06:50:12');
INSERT INTO `friend_request` (`from_user_id`, `to_user_id`, `status`, `created_at`, `updated_at`) VALUES ('69', '69', 'declined', '1977-12-14 20:59:09', '2007-02-08 10:20:58');
INSERT INTO `friend_request` (`from_user_id`, `to_user_id`, `status`, `created_at`, `updated_at`) VALUES ('70', '70', 'unsubscribed', '2008-04-10 19:41:46', '2004-11-25 23:30:12');
INSERT INTO `friend_request` (`from_user_id`, `to_user_id`, `status`, `created_at`, `updated_at`) VALUES ('71', '71', 'waited', '1987-01-23 04:49:16', '1995-11-19 20:34:16');
INSERT INTO `friend_request` (`from_user_id`, `to_user_id`, `status`, `created_at`, `updated_at`) VALUES ('72', '72', 'unsubscribed', '2005-04-18 10:55:41', '2008-01-15 06:02:37');
INSERT INTO `friend_request` (`from_user_id`, `to_user_id`, `status`, `created_at`, `updated_at`) VALUES ('73', '73', 'declined', '1997-09-20 02:41:33', '1998-08-30 02:17:53');
INSERT INTO `friend_request` (`from_user_id`, `to_user_id`, `status`, `created_at`, `updated_at`) VALUES ('74', '74', 'declined', '1992-06-10 16:15:48', '1994-05-17 15:51:38');
INSERT INTO `friend_request` (`from_user_id`, `to_user_id`, `status`, `created_at`, `updated_at`) VALUES ('75', '75', 'unsubscribed', '2013-01-18 22:28:30', '2002-05-23 05:42:46');
INSERT INTO `friend_request` (`from_user_id`, `to_user_id`, `status`, `created_at`, `updated_at`) VALUES ('76', '76', 'subscrited', '1986-10-03 08:53:14', '1992-09-16 10:06:01');
INSERT INTO `friend_request` (`from_user_id`, `to_user_id`, `status`, `created_at`, `updated_at`) VALUES ('77', '77', 'waited', '1993-05-05 11:07:23', '2014-07-20 23:21:11');
INSERT INTO `friend_request` (`from_user_id`, `to_user_id`, `status`, `created_at`, `updated_at`) VALUES ('78', '78', 'subscrited', '2017-12-21 21:05:27', '1970-09-01 15:56:05');
INSERT INTO `friend_request` (`from_user_id`, `to_user_id`, `status`, `created_at`, `updated_at`) VALUES ('79', '79', 'waited', '1977-09-05 10:07:30', '1998-03-19 05:22:08');
INSERT INTO `friend_request` (`from_user_id`, `to_user_id`, `status`, `created_at`, `updated_at`) VALUES ('80', '80', 'waited', '2009-09-14 10:00:58', '1990-02-27 04:05:45');
INSERT INTO `friend_request` (`from_user_id`, `to_user_id`, `status`, `created_at`, `updated_at`) VALUES ('81', '81', 'subscrited', '1977-08-03 06:25:31', '2008-03-10 23:55:24');
INSERT INTO `friend_request` (`from_user_id`, `to_user_id`, `status`, `created_at`, `updated_at`) VALUES ('82', '82', 'unsubscribed', '1995-02-07 13:49:04', '2005-02-19 02:05:30');
INSERT INTO `friend_request` (`from_user_id`, `to_user_id`, `status`, `created_at`, `updated_at`) VALUES ('83', '83', 'waited', '1987-03-16 20:23:35', '1973-05-21 16:19:07');
INSERT INTO `friend_request` (`from_user_id`, `to_user_id`, `status`, `created_at`, `updated_at`) VALUES ('84', '84', 'subscrited', '1987-10-18 08:59:41', '2016-09-30 11:28:42');
INSERT INTO `friend_request` (`from_user_id`, `to_user_id`, `status`, `created_at`, `updated_at`) VALUES ('85', '85', 'unsubscribed', '1974-12-27 04:24:20', '1986-03-03 02:47:45');
INSERT INTO `friend_request` (`from_user_id`, `to_user_id`, `status`, `created_at`, `updated_at`) VALUES ('86', '86', 'subscrited', '1973-07-13 17:03:37', '1990-12-23 19:57:26');
INSERT INTO `friend_request` (`from_user_id`, `to_user_id`, `status`, `created_at`, `updated_at`) VALUES ('87', '87', 'declined', '2017-01-26 06:29:20', '1981-09-25 04:13:12');
INSERT INTO `friend_request` (`from_user_id`, `to_user_id`, `status`, `created_at`, `updated_at`) VALUES ('88', '88', 'waited', '2018-02-03 12:30:42', '2014-01-17 14:44:40');
INSERT INTO `friend_request` (`from_user_id`, `to_user_id`, `status`, `created_at`, `updated_at`) VALUES ('89', '89', 'declined', '2013-04-12 07:07:15', '1987-12-18 22:42:01');
INSERT INTO `friend_request` (`from_user_id`, `to_user_id`, `status`, `created_at`, `updated_at`) VALUES ('90', '90', 'waited', '1973-01-09 09:58:59', '1978-01-12 17:03:56');
INSERT INTO `friend_request` (`from_user_id`, `to_user_id`, `status`, `created_at`, `updated_at`) VALUES ('91', '91', 'waited', '1987-08-16 09:53:11', '1972-06-30 10:03:19');
INSERT INTO `friend_request` (`from_user_id`, `to_user_id`, `status`, `created_at`, `updated_at`) VALUES ('92', '92', 'subscrited', '1985-12-30 03:59:56', '1977-12-31 21:01:35');
INSERT INTO `friend_request` (`from_user_id`, `to_user_id`, `status`, `created_at`, `updated_at`) VALUES ('93', '93', 'unsubscribed', '2013-06-29 07:09:14', '1994-08-22 07:47:19');
INSERT INTO `friend_request` (`from_user_id`, `to_user_id`, `status`, `created_at`, `updated_at`) VALUES ('94', '94', 'unsubscribed', '1986-08-09 19:21:10', '1972-01-11 00:26:55');
INSERT INTO `friend_request` (`from_user_id`, `to_user_id`, `status`, `created_at`, `updated_at`) VALUES ('95', '95', 'declined', '2015-07-10 04:24:12', '1984-06-06 22:37:59');
INSERT INTO `friend_request` (`from_user_id`, `to_user_id`, `status`, `created_at`, `updated_at`) VALUES ('96', '96', 'unsubscribed', '1982-10-31 16:03:20', '2000-08-19 02:53:56');
INSERT INTO `friend_request` (`from_user_id`, `to_user_id`, `status`, `created_at`, `updated_at`) VALUES ('97', '97', 'unsubscribed', '1983-09-21 01:18:12', '1986-04-18 05:24:57');
INSERT INTO `friend_request` (`from_user_id`, `to_user_id`, `status`, `created_at`, `updated_at`) VALUES ('98', '98', 'declined', '1975-12-12 03:26:55', '1970-05-25 21:30:27');
INSERT INTO `friend_request` (`from_user_id`, `to_user_id`, `status`, `created_at`, `updated_at`) VALUES ('99', '99', 'declined', '2001-03-16 16:55:08', '1989-01-01 21:43:31');
INSERT INTO `friend_request` (`from_user_id`, `to_user_id`, `status`, `created_at`, `updated_at`) VALUES ('100', '100', 'subscrited', '1996-08-07 23:38:55', '1993-03-26 19:31:04');


#
# TABLE STRUCTURE FOR: media_types
#

DROP TABLE IF EXISTS `media_types`;

CREATE TABLE `media_types` (
  `id` bigint(20) unsigned NOT NULL AUTO_INCREMENT,
  `name` varchar(100) DEFAULT NULL,
  `created_at` datetime DEFAULT current_timestamp(),
  PRIMARY KEY (`id`),
  UNIQUE KEY `id` (`id`),
  KEY `name` (`name`)
) ENGINE=InnoDB AUTO_INCREMENT=101 DEFAULT CHARSET=utf8;

INSERT INTO `media_types` (`id`, `name`, `created_at`) VALUES ('1', 'nihil', '2001-07-15 17:53:04');
INSERT INTO `media_types` (`id`, `name`, `created_at`) VALUES ('2', 'sunt', '1998-10-30 15:46:06');
INSERT INTO `media_types` (`id`, `name`, `created_at`) VALUES ('3', 'et', '2019-09-25 05:45:15');
INSERT INTO `media_types` (`id`, `name`, `created_at`) VALUES ('4', 'deleniti', '2015-12-05 15:15:03');
INSERT INTO `media_types` (`id`, `name`, `created_at`) VALUES ('5', 'beatae', '1993-04-20 12:42:19');
INSERT INTO `media_types` (`id`, `name`, `created_at`) VALUES ('6', 'officiis', '2006-12-07 20:47:29');
INSERT INTO `media_types` (`id`, `name`, `created_at`) VALUES ('7', 'quibusdam', '1970-11-16 07:15:55');
INSERT INTO `media_types` (`id`, `name`, `created_at`) VALUES ('8', 'qui', '1982-10-29 05:51:44');
INSERT INTO `media_types` (`id`, `name`, `created_at`) VALUES ('9', 'error', '1987-05-27 16:23:58');
INSERT INTO `media_types` (`id`, `name`, `created_at`) VALUES ('10', 'laboriosam', '1976-07-06 04:01:02');
INSERT INTO `media_types` (`id`, `name`, `created_at`) VALUES ('11', 'voluptatem', '1994-01-08 22:03:01');
INSERT INTO `media_types` (`id`, `name`, `created_at`) VALUES ('12', 'modi', '1977-05-31 03:49:49');
INSERT INTO `media_types` (`id`, `name`, `created_at`) VALUES ('13', 'fugit', '2000-12-11 01:44:20');
INSERT INTO `media_types` (`id`, `name`, `created_at`) VALUES ('14', 'labore', '2016-09-01 07:10:51');
INSERT INTO `media_types` (`id`, `name`, `created_at`) VALUES ('15', 'mollitia', '2014-12-20 23:46:15');
INSERT INTO `media_types` (`id`, `name`, `created_at`) VALUES ('16', 'doloribus', '2005-03-07 14:55:24');
INSERT INTO `media_types` (`id`, `name`, `created_at`) VALUES ('17', 'reprehenderit', '1975-11-13 05:13:59');
INSERT INTO `media_types` (`id`, `name`, `created_at`) VALUES ('18', 'optio', '1983-02-25 16:40:32');
INSERT INTO `media_types` (`id`, `name`, `created_at`) VALUES ('19', 'maiores', '1978-07-16 11:08:17');
INSERT INTO `media_types` (`id`, `name`, `created_at`) VALUES ('20', 'iure', '1990-05-06 19:23:59');
INSERT INTO `media_types` (`id`, `name`, `created_at`) VALUES ('21', 'perspiciatis', '1980-09-28 22:03:08');
INSERT INTO `media_types` (`id`, `name`, `created_at`) VALUES ('22', 'laborum', '1977-01-13 21:29:11');
INSERT INTO `media_types` (`id`, `name`, `created_at`) VALUES ('23', 'velit', '2018-01-19 07:52:31');
INSERT INTO `media_types` (`id`, `name`, `created_at`) VALUES ('24', 'rerum', '1998-09-27 12:47:47');
INSERT INTO `media_types` (`id`, `name`, `created_at`) VALUES ('25', 'voluptas', '1973-11-15 18:33:02');
INSERT INTO `media_types` (`id`, `name`, `created_at`) VALUES ('26', 'voluptatem', '2012-07-16 01:24:29');
INSERT INTO `media_types` (`id`, `name`, `created_at`) VALUES ('27', 'magnam', '2016-01-08 15:03:02');
INSERT INTO `media_types` (`id`, `name`, `created_at`) VALUES ('28', 'dolor', '2001-03-16 23:47:29');
INSERT INTO `media_types` (`id`, `name`, `created_at`) VALUES ('29', 'fugiat', '1995-11-28 02:49:02');
INSERT INTO `media_types` (`id`, `name`, `created_at`) VALUES ('30', 'dolor', '2019-01-08 06:51:41');
INSERT INTO `media_types` (`id`, `name`, `created_at`) VALUES ('31', 'officiis', '1974-05-26 18:59:50');
INSERT INTO `media_types` (`id`, `name`, `created_at`) VALUES ('32', 'numquam', '2001-02-25 19:43:32');
INSERT INTO `media_types` (`id`, `name`, `created_at`) VALUES ('33', 'ut', '1990-09-17 16:22:24');
INSERT INTO `media_types` (`id`, `name`, `created_at`) VALUES ('34', 'mollitia', '2006-06-26 06:36:54');
INSERT INTO `media_types` (`id`, `name`, `created_at`) VALUES ('35', 'tempora', '2014-07-11 06:50:20');
INSERT INTO `media_types` (`id`, `name`, `created_at`) VALUES ('36', 'aut', '2018-04-26 11:30:18');
INSERT INTO `media_types` (`id`, `name`, `created_at`) VALUES ('37', 'quo', '2008-02-26 08:52:00');
INSERT INTO `media_types` (`id`, `name`, `created_at`) VALUES ('38', 'placeat', '1984-05-27 02:32:11');
INSERT INTO `media_types` (`id`, `name`, `created_at`) VALUES ('39', 'rem', '1985-05-15 09:18:40');
INSERT INTO `media_types` (`id`, `name`, `created_at`) VALUES ('40', 'adipisci', '1984-10-06 04:58:57');
INSERT INTO `media_types` (`id`, `name`, `created_at`) VALUES ('41', 'voluptatem', '1988-04-28 20:34:59');
INSERT INTO `media_types` (`id`, `name`, `created_at`) VALUES ('42', 'reiciendis', '1980-05-29 18:13:50');
INSERT INTO `media_types` (`id`, `name`, `created_at`) VALUES ('43', 'dignissimos', '1993-07-16 05:45:47');
INSERT INTO `media_types` (`id`, `name`, `created_at`) VALUES ('44', 'vel', '2018-12-21 00:07:35');
INSERT INTO `media_types` (`id`, `name`, `created_at`) VALUES ('45', 'sapiente', '2012-04-05 22:57:23');
INSERT INTO `media_types` (`id`, `name`, `created_at`) VALUES ('46', 'doloremque', '2008-11-09 01:40:24');
INSERT INTO `media_types` (`id`, `name`, `created_at`) VALUES ('47', 'at', '1998-01-24 09:27:32');
INSERT INTO `media_types` (`id`, `name`, `created_at`) VALUES ('48', 'est', '1983-08-20 13:53:24');
INSERT INTO `media_types` (`id`, `name`, `created_at`) VALUES ('49', 'ut', '2010-10-01 10:29:15');
INSERT INTO `media_types` (`id`, `name`, `created_at`) VALUES ('50', 'ut', '2000-12-22 04:14:58');
INSERT INTO `media_types` (`id`, `name`, `created_at`) VALUES ('51', 'dolores', '2002-06-16 10:12:19');
INSERT INTO `media_types` (`id`, `name`, `created_at`) VALUES ('52', 'facilis', '2001-07-09 16:26:46');
INSERT INTO `media_types` (`id`, `name`, `created_at`) VALUES ('53', 'odit', '1975-09-30 05:45:21');
INSERT INTO `media_types` (`id`, `name`, `created_at`) VALUES ('54', 'aut', '1975-10-20 21:49:11');
INSERT INTO `media_types` (`id`, `name`, `created_at`) VALUES ('55', 'quo', '1982-03-20 05:39:19');
INSERT INTO `media_types` (`id`, `name`, `created_at`) VALUES ('56', 'natus', '2006-11-05 22:45:54');
INSERT INTO `media_types` (`id`, `name`, `created_at`) VALUES ('57', 'aut', '2017-07-25 09:16:16');
INSERT INTO `media_types` (`id`, `name`, `created_at`) VALUES ('58', 'consequatur', '1988-01-01 12:46:54');
INSERT INTO `media_types` (`id`, `name`, `created_at`) VALUES ('59', 'vero', '1989-11-18 18:04:22');
INSERT INTO `media_types` (`id`, `name`, `created_at`) VALUES ('60', 'in', '2012-07-10 20:47:42');
INSERT INTO `media_types` (`id`, `name`, `created_at`) VALUES ('61', 'aut', '1974-06-25 05:47:04');
INSERT INTO `media_types` (`id`, `name`, `created_at`) VALUES ('62', 'recusandae', '2005-11-07 08:59:43');
INSERT INTO `media_types` (`id`, `name`, `created_at`) VALUES ('63', 'enim', '1996-07-15 12:43:57');
INSERT INTO `media_types` (`id`, `name`, `created_at`) VALUES ('64', 'excepturi', '1988-08-31 05:32:36');
INSERT INTO `media_types` (`id`, `name`, `created_at`) VALUES ('65', 'sint', '1995-06-21 06:26:22');
INSERT INTO `media_types` (`id`, `name`, `created_at`) VALUES ('66', 'laboriosam', '2000-07-26 03:35:35');
INSERT INTO `media_types` (`id`, `name`, `created_at`) VALUES ('67', 'nulla', '2018-08-31 12:09:32');
INSERT INTO `media_types` (`id`, `name`, `created_at`) VALUES ('68', 'quo', '2018-06-29 04:39:24');
INSERT INTO `media_types` (`id`, `name`, `created_at`) VALUES ('69', 'exercitationem', '1987-04-14 00:33:45');
INSERT INTO `media_types` (`id`, `name`, `created_at`) VALUES ('70', 'et', '2002-12-10 11:45:16');
INSERT INTO `media_types` (`id`, `name`, `created_at`) VALUES ('71', 'blanditiis', '1995-10-25 14:41:38');
INSERT INTO `media_types` (`id`, `name`, `created_at`) VALUES ('72', 'ipsa', '2011-01-02 03:35:21');
INSERT INTO `media_types` (`id`, `name`, `created_at`) VALUES ('73', 'sapiente', '1972-01-18 11:16:19');
INSERT INTO `media_types` (`id`, `name`, `created_at`) VALUES ('74', 'aut', '1997-10-31 10:30:07');
INSERT INTO `media_types` (`id`, `name`, `created_at`) VALUES ('75', 'necessitatibus', '1973-06-07 15:09:16');
INSERT INTO `media_types` (`id`, `name`, `created_at`) VALUES ('76', 'aperiam', '1993-07-03 01:17:34');
INSERT INTO `media_types` (`id`, `name`, `created_at`) VALUES ('77', 'perspiciatis', '1980-03-30 19:40:35');
INSERT INTO `media_types` (`id`, `name`, `created_at`) VALUES ('78', 'laudantium', '2013-10-08 00:08:37');
INSERT INTO `media_types` (`id`, `name`, `created_at`) VALUES ('79', 'quidem', '1975-08-11 23:30:28');
INSERT INTO `media_types` (`id`, `name`, `created_at`) VALUES ('80', 'autem', '2009-04-17 23:55:46');
INSERT INTO `media_types` (`id`, `name`, `created_at`) VALUES ('81', 'et', '1975-12-16 20:25:40');
INSERT INTO `media_types` (`id`, `name`, `created_at`) VALUES ('82', 'maxime', '1983-11-02 10:30:13');
INSERT INTO `media_types` (`id`, `name`, `created_at`) VALUES ('83', 'aut', '1972-08-01 04:37:43');
INSERT INTO `media_types` (`id`, `name`, `created_at`) VALUES ('84', 'esse', '2011-07-28 16:18:06');
INSERT INTO `media_types` (`id`, `name`, `created_at`) VALUES ('85', 'possimus', '2002-01-30 13:46:01');
INSERT INTO `media_types` (`id`, `name`, `created_at`) VALUES ('86', 'repellendus', '1976-06-27 20:32:56');
INSERT INTO `media_types` (`id`, `name`, `created_at`) VALUES ('87', 'commodi', '1970-11-23 01:36:07');
INSERT INTO `media_types` (`id`, `name`, `created_at`) VALUES ('88', 'voluptas', '2002-03-09 14:44:34');
INSERT INTO `media_types` (`id`, `name`, `created_at`) VALUES ('89', 'fugit', '2001-09-22 13:27:42');
INSERT INTO `media_types` (`id`, `name`, `created_at`) VALUES ('90', 'in', '1975-08-06 08:17:46');
INSERT INTO `media_types` (`id`, `name`, `created_at`) VALUES ('91', 'cumque', '1975-09-05 20:01:39');
INSERT INTO `media_types` (`id`, `name`, `created_at`) VALUES ('92', 'harum', '2011-05-31 17:12:03');
INSERT INTO `media_types` (`id`, `name`, `created_at`) VALUES ('93', 'commodi', '1988-02-21 13:50:23');
INSERT INTO `media_types` (`id`, `name`, `created_at`) VALUES ('94', 'voluptatibus', '2011-05-16 17:31:00');
INSERT INTO `media_types` (`id`, `name`, `created_at`) VALUES ('95', 'qui', '1982-07-03 08:12:46');
INSERT INTO `media_types` (`id`, `name`, `created_at`) VALUES ('96', 'optio', '2012-08-18 10:17:19');
INSERT INTO `media_types` (`id`, `name`, `created_at`) VALUES ('97', 'pariatur', '1974-07-10 15:47:06');
INSERT INTO `media_types` (`id`, `name`, `created_at`) VALUES ('98', 'velit', '1987-03-11 05:34:36');
INSERT INTO `media_types` (`id`, `name`, `created_at`) VALUES ('99', 'aut', '1991-03-18 08:10:21');
INSERT INTO `media_types` (`id`, `name`, `created_at`) VALUES ('100', 'et', '1973-10-08 04:20:52');

#
# TABLE STRUCTURE FOR: media
#

DROP TABLE IF EXISTS `media`;

CREATE TABLE `media` (
  `id` bigint(20) unsigned NOT NULL AUTO_INCREMENT,
  `media_type_id` bigint(20) unsigned DEFAULT NULL,
  `user_id` bigint(20) unsigned DEFAULT NULL,
  `body` text DEFAULT NULL,
  `filename` varchar(150) DEFAULT NULL,
  `size` int(11) DEFAULT NULL,
  `metadata` longtext CHARACTER SET utf8mb4 COLLATE utf8mb4_bin DEFAULT NULL,
  `created_at` datetime DEFAULT current_timestamp(),
  `updated_at` datetime DEFAULT current_timestamp(),
  PRIMARY KEY (`id`),
  UNIQUE KEY `id` (`id`),
  KEY `media_type_id` (`media_type_id`),
  KEY `user_id` (`user_id`),
  KEY `filename` (`filename`),
  CONSTRAINT `media_ibfk_1` FOREIGN KEY (`user_id`) REFERENCES `users` (`id`),
  CONSTRAINT `media_ibfk_2` FOREIGN KEY (`media_type_id`) REFERENCES `media_types` (`id`)
) ENGINE=InnoDB AUTO_INCREMENT=101 DEFAULT CHARSET=utf8;

INSERT INTO `media` (`id`, `media_type_id`, `user_id`, `body`, `filename`, `size`, `metadata`, `created_at`, `updated_at`) VALUES ('1', '1', '1', 'Dolorem ducimus recusandae autem id sit nesciunt ipsa. Eos est sint sequi ut ut aperiam quae eveniet.', 'ut', 158, NULL, '2007-06-06 18:23:59', '2017-04-04 10:55:17');
INSERT INTO `media` (`id`, `media_type_id`, `user_id`, `body`, `filename`, `size`, `metadata`, `created_at`, `updated_at`) VALUES ('2', '2', '2', 'Dicta architecto nam iure ut quae facilis. Dolores impedit sapiente similique vitae et illo veniam. Ab esse officia in. Dolorem dolores magni aut cum quae culpa. Officia quis nihil blanditiis ea ipsa asperiores sunt.', 'quam', 3, NULL, '2007-05-04 17:31:49', '2002-10-18 14:31:35');
INSERT INTO `media` (`id`, `media_type_id`, `user_id`, `body`, `filename`, `size`, `metadata`, `created_at`, `updated_at`) VALUES ('3', '3', '3', 'Quis ipsum quia tempore deserunt saepe dolorum in laborum. Impedit ducimus atque fugit modi autem aspernatur.', 'assumenda', 8645258, NULL, '1987-11-25 21:20:57', '2008-12-19 13:26:29');
INSERT INTO `media` (`id`, `media_type_id`, `user_id`, `body`, `filename`, `size`, `metadata`, `created_at`, `updated_at`) VALUES ('4', '4', '4', 'Omnis enim culpa doloribus ut veritatis nesciunt. Veniam itaque enim totam et nam vero vero.', 'aut', 83428019, NULL, '2010-04-23 12:14:05', '1975-11-15 18:06:35');
INSERT INTO `media` (`id`, `media_type_id`, `user_id`, `body`, `filename`, `size`, `metadata`, `created_at`, `updated_at`) VALUES ('5', '5', '5', 'Aliquam sequi quasi aliquid ipsa alias. Facilis maiores quis vel autem asperiores. Temporibus et ad rerum porro perferendis. Saepe aperiam omnis rem itaque doloremque.', 'quibusdam', 8684, NULL, '1998-07-14 02:10:34', '2012-09-12 19:01:41');
INSERT INTO `media` (`id`, `media_type_id`, `user_id`, `body`, `filename`, `size`, `metadata`, `created_at`, `updated_at`) VALUES ('6', '6', '6', 'Hic dolorum voluptate cupiditate non sed deserunt soluta. Doloremque qui et dolores soluta est soluta. At corporis qui officiis aut rem. Iure ex quasi quia dignissimos error.', 'explicabo', 871, NULL, '1975-04-29 01:50:00', '1977-12-17 23:42:52');
INSERT INTO `media` (`id`, `media_type_id`, `user_id`, `body`, `filename`, `size`, `metadata`, `created_at`, `updated_at`) VALUES ('7', '7', '7', 'Dicta eligendi nihil officiis ad. Dolores voluptate alias possimus quasi et quia illo. Aut et illo recusandae illo doloremque non. Sit rem aliquam aut qui modi.', 'dolor', 315453, NULL, '2009-01-23 13:06:25', '1978-08-11 19:39:22');
INSERT INTO `media` (`id`, `media_type_id`, `user_id`, `body`, `filename`, `size`, `metadata`, `created_at`, `updated_at`) VALUES ('8', '8', '8', 'Saepe recusandae aliquid aliquid sint ut expedita voluptatem quis. Veniam saepe hic quae dolor aut. Possimus fugiat necessitatibus enim voluptatem enim repellendus libero. Sed ut maxime earum sint.', 'aut', 867929, NULL, '2016-09-26 15:22:56', '2001-03-19 02:30:58');
INSERT INTO `media` (`id`, `media_type_id`, `user_id`, `body`, `filename`, `size`, `metadata`, `created_at`, `updated_at`) VALUES ('9', '9', '9', 'Nihil autem distinctio corrupti vel. Totam sed itaque fugiat ut omnis. Provident dolore perferendis excepturi autem alias.', 'vitae', 2649, NULL, '1984-04-20 04:19:34', '1974-02-15 09:22:34');
INSERT INTO `media` (`id`, `media_type_id`, `user_id`, `body`, `filename`, `size`, `metadata`, `created_at`, `updated_at`) VALUES ('10', '10', '10', 'Maxime voluptatibus fuga quae ducimus. Et maiores architecto aut placeat perferendis molestias sed. Necessitatibus non quod ea magni consectetur quaerat quis non. Deleniti sunt architecto quidem.', 'recusandae', 992, NULL, '1983-08-05 16:56:20', '2009-09-24 14:58:24');
INSERT INTO `media` (`id`, `media_type_id`, `user_id`, `body`, `filename`, `size`, `metadata`, `created_at`, `updated_at`) VALUES ('11', '11', '11', 'Dolor nihil atque voluptatem aut voluptatum aut rerum. Adipisci voluptas impedit quod voluptatem. Fuga perferendis tempore sed ullam corrupti doloremque iusto. Cum dolores eaque harum qui placeat. Debitis doloremque natus velit asperiores voluptate.', 'quasi', 0, NULL, '2009-06-21 21:00:45', '1990-11-16 19:32:24');
INSERT INTO `media` (`id`, `media_type_id`, `user_id`, `body`, `filename`, `size`, `metadata`, `created_at`, `updated_at`) VALUES ('12', '12', '12', 'Laboriosam ut at architecto. Vero vitae soluta expedita et exercitationem repellendus. Ut pariatur sint pariatur nihil accusamus. Natus beatae sed dolores ratione.', 'doloribus', 4, NULL, '2018-01-28 08:07:10', '1977-02-13 21:57:05');
INSERT INTO `media` (`id`, `media_type_id`, `user_id`, `body`, `filename`, `size`, `metadata`, `created_at`, `updated_at`) VALUES ('13', '13', '13', 'Molestiae aut id aliquid reiciendis. Voluptas aut ut sed. Iusto nemo reprehenderit voluptas in hic qui.', 'nam', 6703, NULL, '1991-02-14 00:12:57', '1972-02-29 00:46:02');
INSERT INTO `media` (`id`, `media_type_id`, `user_id`, `body`, `filename`, `size`, `metadata`, `created_at`, `updated_at`) VALUES ('14', '14', '14', 'Nostrum occaecati reiciendis natus culpa molestiae. Voluptatibus eaque blanditiis porro.', 'ducimus', 2, NULL, '1982-12-18 09:09:22', '2018-03-23 22:09:43');
INSERT INTO `media` (`id`, `media_type_id`, `user_id`, `body`, `filename`, `size`, `metadata`, `created_at`, `updated_at`) VALUES ('15', '15', '15', 'Dolorem quis iure itaque aspernatur quod dolorem. Aut rerum quas deserunt ipsam dolor sint fugit neque. Aut ut ut aliquam modi. Recusandae consequatur aspernatur alias harum atque error adipisci ut.', 'esse', 169, NULL, '1983-01-07 06:13:24', '1999-09-11 09:31:37');
INSERT INTO `media` (`id`, `media_type_id`, `user_id`, `body`, `filename`, `size`, `metadata`, `created_at`, `updated_at`) VALUES ('16', '16', '16', 'Nobis totam nemo rerum sed et est. Libero voluptatum repellendus nemo reiciendis accusamus autem facilis. Deleniti ipsam impedit enim beatae est. Consequatur quasi alias eos quibusdam quisquam. Doloribus placeat eius deleniti reprehenderit.', 'reiciendis', 9285, NULL, '1980-07-31 16:02:19', '1979-05-05 10:39:26');
INSERT INTO `media` (`id`, `media_type_id`, `user_id`, `body`, `filename`, `size`, `metadata`, `created_at`, `updated_at`) VALUES ('17', '17', '17', 'Non minus eum sunt dolor quia temporibus. Sed laudantium veniam adipisci excepturi. Voluptate deserunt magni qui optio excepturi consequuntur beatae. Molestiae distinctio explicabo eligendi a ut. Vitae omnis quae fugit ea voluptatem.', 'voluptates', 52857802, NULL, '1977-04-16 18:23:19', '2018-09-01 23:27:03');
INSERT INTO `media` (`id`, `media_type_id`, `user_id`, `body`, `filename`, `size`, `metadata`, `created_at`, `updated_at`) VALUES ('18', '18', '18', 'Ea nihil ex est voluptas perferendis est ipsam voluptatum. Saepe ut et aliquam ratione. Aut qui et quo alias minus tempora doloribus.', 'enim', 7149, NULL, '1990-11-10 12:02:14', '2012-07-10 06:59:24');
INSERT INTO `media` (`id`, `media_type_id`, `user_id`, `body`, `filename`, `size`, `metadata`, `created_at`, `updated_at`) VALUES ('19', '19', '19', 'Vel natus voluptatem tempore nam cupiditate nisi repellendus vel. Doloremque eligendi consequatur et molestiae placeat aut libero saepe. Qui nulla delectus consectetur.', 'velit', 17, NULL, '1990-06-03 04:28:38', '1989-01-26 12:53:49');
INSERT INTO `media` (`id`, `media_type_id`, `user_id`, `body`, `filename`, `size`, `metadata`, `created_at`, `updated_at`) VALUES ('20', '20', '20', 'Sunt magnam dolore accusamus adipisci rerum consectetur quia qui. Ducimus exercitationem sint quia.', 'nisi', 34, NULL, '2014-01-11 09:14:52', '1992-02-05 18:39:07');
INSERT INTO `media` (`id`, `media_type_id`, `user_id`, `body`, `filename`, `size`, `metadata`, `created_at`, `updated_at`) VALUES ('21', '21', '21', 'Quis in minima pariatur id ducimus soluta. Omnis nisi consequatur explicabo consequatur. Nam omnis et excepturi quia quia temporibus. Deserunt quia necessitatibus nihil fugit at neque aliquid. Quibusdam et sunt iure et consequatur.', 'qui', 6700003, NULL, '1990-11-06 20:01:09', '2014-01-31 01:18:18');
INSERT INTO `media` (`id`, `media_type_id`, `user_id`, `body`, `filename`, `size`, `metadata`, `created_at`, `updated_at`) VALUES ('22', '22', '22', 'Facere vitae aut nihil beatae minima. Dolores voluptas suscipit dolorem soluta iusto vel. Est neque sed ea distinctio non.', 'consequuntur', 0, NULL, '2010-01-16 14:26:20', '2004-09-24 14:23:44');
INSERT INTO `media` (`id`, `media_type_id`, `user_id`, `body`, `filename`, `size`, `metadata`, `created_at`, `updated_at`) VALUES ('23', '23', '23', 'Omnis vero quia dolorem blanditiis. Omnis qui illum nobis distinctio aut facilis. Tempore magni fugiat consequatur et.', 'exercitationem', 7321018, NULL, '1992-08-31 03:52:22', '1989-12-01 22:49:42');
INSERT INTO `media` (`id`, `media_type_id`, `user_id`, `body`, `filename`, `size`, `metadata`, `created_at`, `updated_at`) VALUES ('24', '24', '24', 'Dolores alias totam ad non fugit facilis aut. Ex perferendis itaque aut. Id aut laborum omnis doloremque occaecati.', 'et', 21, NULL, '1983-04-18 22:21:37', '1999-06-06 17:57:12');
INSERT INTO `media` (`id`, `media_type_id`, `user_id`, `body`, `filename`, `size`, `metadata`, `created_at`, `updated_at`) VALUES ('25', '25', '25', 'Et perspiciatis non ullam quos et suscipit. Voluptatum necessitatibus nihil consequatur nam. Reiciendis veniam vitae est dolorum id.', 'non', 5015985, NULL, '1981-04-12 23:12:13', '1972-03-16 18:18:46');
INSERT INTO `media` (`id`, `media_type_id`, `user_id`, `body`, `filename`, `size`, `metadata`, `created_at`, `updated_at`) VALUES ('26', '26', '26', 'Aut rerum minus quae qui labore dolor. Molestiae itaque quos beatae aut facere autem. Atque laudantium repellat velit perspiciatis sint dolorem.', 'ut', 5997, NULL, '1993-06-02 15:37:28', '2008-07-11 19:14:10');
INSERT INTO `media` (`id`, `media_type_id`, `user_id`, `body`, `filename`, `size`, `metadata`, `created_at`, `updated_at`) VALUES ('27', '27', '27', 'Fugiat commodi aut praesentium voluptatem unde. Quia nemo ut quisquam labore sapiente fuga rerum. Dolor tenetur autem dolores et. Et nisi recusandae fugit atque atque iure rerum.', 'architecto', 6076, NULL, '1982-03-12 11:07:47', '2016-11-16 22:46:05');
INSERT INTO `media` (`id`, `media_type_id`, `user_id`, `body`, `filename`, `size`, `metadata`, `created_at`, `updated_at`) VALUES ('28', '28', '28', 'Voluptatum et repellendus et omnis ducimus. Odit quia rerum pariatur et id. Et at deserunt architecto dolores voluptatibus.', 'rem', 758, NULL, '1989-11-24 06:33:06', '1998-03-27 19:46:53');
INSERT INTO `media` (`id`, `media_type_id`, `user_id`, `body`, `filename`, `size`, `metadata`, `created_at`, `updated_at`) VALUES ('29', '29', '29', 'Quaerat hic non tempora quis laboriosam. Alias consequuntur cum esse ipsam repellendus nihil deserunt. Vitae vero et et vel laborum omnis. Explicabo alias recusandae itaque earum eveniet.', 'ut', 596, NULL, '2009-06-21 21:05:09', '1991-09-30 23:39:48');
INSERT INTO `media` (`id`, `media_type_id`, `user_id`, `body`, `filename`, `size`, `metadata`, `created_at`, `updated_at`) VALUES ('30', '30', '30', 'Est dolores accusamus ab deserunt quae. Eos eum facere explicabo dolorem eligendi. Esse quo beatae labore expedita enim debitis.', 'sunt', 0, NULL, '1975-06-22 10:06:15', '2002-04-03 18:46:04');
INSERT INTO `media` (`id`, `media_type_id`, `user_id`, `body`, `filename`, `size`, `metadata`, `created_at`, `updated_at`) VALUES ('31', '31', '31', 'Laboriosam et atque doloribus perspiciatis earum et consequuntur. Voluptas est et magni qui.', 'qui', 0, NULL, '1994-06-06 21:48:39', '1988-08-10 02:47:36');
INSERT INTO `media` (`id`, `media_type_id`, `user_id`, `body`, `filename`, `size`, `metadata`, `created_at`, `updated_at`) VALUES ('32', '32', '32', 'Error amet provident suscipit facilis tempore molestiae sunt. Quia asperiores aut nulla harum vel. Corporis libero et odio similique nostrum deleniti. Velit molestias doloremque sit officia est ex quia. Repellendus et quia nostrum corporis.', 'sunt', 8870212, NULL, '1983-01-22 07:58:06', '1981-11-26 10:53:40');
INSERT INTO `media` (`id`, `media_type_id`, `user_id`, `body`, `filename`, `size`, `metadata`, `created_at`, `updated_at`) VALUES ('33', '33', '33', 'Blanditiis aut et quia. Quibusdam ipsam et tenetur sit omnis autem commodi. Omnis ea non et voluptates enim et nihil sed. Ratione quis aut dolor consequuntur vel.', 'rem', 648, NULL, '2008-05-12 05:22:53', '1973-11-29 08:09:17');
INSERT INTO `media` (`id`, `media_type_id`, `user_id`, `body`, `filename`, `size`, `metadata`, `created_at`, `updated_at`) VALUES ('34', '34', '34', 'Inventore aut quisquam alias eum ipsa pariatur dicta tempore. Consequatur ab qui eveniet in magni laudantium ipsa. Maxime nihil cumque reiciendis nemo omnis. Sit iusto neque adipisci consequuntur et.', 'voluptatem', 7121573, NULL, '1987-04-04 10:48:21', '2015-04-22 20:34:58');
INSERT INTO `media` (`id`, `media_type_id`, `user_id`, `body`, `filename`, `size`, `metadata`, `created_at`, `updated_at`) VALUES ('35', '35', '35', 'Voluptatem eum sint dolorum nulla. Aperiam vitae totam qui. Amet quibusdam sed nihil qui officiis officiis id adipisci. Illum corrupti aperiam ex vel fugiat hic.', 'inventore', 8854442, NULL, '1980-03-02 23:46:53', '1998-05-15 21:22:42');
INSERT INTO `media` (`id`, `media_type_id`, `user_id`, `body`, `filename`, `size`, `metadata`, `created_at`, `updated_at`) VALUES ('36', '36', '36', 'Delectus eveniet aliquam quis ea. Et enim quia consequuntur hic temporibus voluptatum. Vel ducimus dolore voluptatibus.', 'consequatur', 0, NULL, '1985-11-02 08:03:38', '1992-12-30 02:04:59');
INSERT INTO `media` (`id`, `media_type_id`, `user_id`, `body`, `filename`, `size`, `metadata`, `created_at`, `updated_at`) VALUES ('37', '37', '37', 'Accusantium dolores harum sed aut laboriosam vero odio. Nihil error reiciendis eligendi. Assumenda odit consectetur rem unde voluptas quasi dolores. Sed veritatis odio et et. Quis est est debitis tenetur.', 'sed', 94, NULL, '2012-09-06 15:07:27', '1984-11-30 15:59:36');
INSERT INTO `media` (`id`, `media_type_id`, `user_id`, `body`, `filename`, `size`, `metadata`, `created_at`, `updated_at`) VALUES ('38', '38', '38', 'Perferendis quidem nihil repellendus fuga doloribus animi. Molestias sint ab et maxime magnam ex est. Et aliquid exercitationem voluptas est molestiae qui ratione.', 'id', 903, NULL, '2016-10-21 09:47:31', '2006-06-12 09:56:33');
INSERT INTO `media` (`id`, `media_type_id`, `user_id`, `body`, `filename`, `size`, `metadata`, `created_at`, `updated_at`) VALUES ('39', '39', '39', 'Qui itaque corrupti voluptatem qui non illum. Neque voluptate excepturi totam veritatis quis numquam temporibus. Fugit in ipsum nobis aut sit quidem est.', 'excepturi', 78491, NULL, '2012-02-19 04:57:20', '2001-09-12 22:03:19');
INSERT INTO `media` (`id`, `media_type_id`, `user_id`, `body`, `filename`, `size`, `metadata`, `created_at`, `updated_at`) VALUES ('40', '40', '40', 'Sit est rerum vel aliquid. Saepe quo nisi ullam animi sunt consequuntur sed. Expedita voluptates occaecati veritatis distinctio ut impedit. Voluptatem sint animi natus nihil voluptates odio sed.', 'soluta', 5671, NULL, '1978-06-20 06:17:26', '2019-05-29 03:51:29');
INSERT INTO `media` (`id`, `media_type_id`, `user_id`, `body`, `filename`, `size`, `metadata`, `created_at`, `updated_at`) VALUES ('41', '41', '41', 'Voluptas nemo expedita perspiciatis aperiam totam minus praesentium. Quia deleniti aspernatur blanditiis delectus et nam. Corporis et labore non quo eveniet possimus.', 'et', 10, NULL, '2011-10-26 11:08:55', '1995-05-04 03:56:34');
INSERT INTO `media` (`id`, `media_type_id`, `user_id`, `body`, `filename`, `size`, `metadata`, `created_at`, `updated_at`) VALUES ('42', '42', '42', 'Quidem ut necessitatibus non sint assumenda nemo. Suscipit illum aliquid aut sunt doloremque commodi. Quisquam earum ad explicabo praesentium dignissimos consectetur occaecati.', 'optio', 6825445, NULL, '1987-11-08 05:28:43', '1983-07-05 16:19:31');
INSERT INTO `media` (`id`, `media_type_id`, `user_id`, `body`, `filename`, `size`, `metadata`, `created_at`, `updated_at`) VALUES ('43', '43', '43', 'Accusamus omnis ut fuga voluptatem quo. Provident sunt autem adipisci dolor temporibus perferendis ab. Nihil omnis optio aut et et ex ut. Qui ex voluptatibus aliquam magni.', 'voluptas', 7, NULL, '2009-03-13 22:42:13', '1979-01-17 20:47:25');
INSERT INTO `media` (`id`, `media_type_id`, `user_id`, `body`, `filename`, `size`, `metadata`, `created_at`, `updated_at`) VALUES ('44', '44', '44', 'Voluptatem rerum et quas et omnis. Qui recusandae ut autem sit omnis. Placeat itaque qui earum culpa beatae. Blanditiis porro et expedita autem.', 'sunt', 0, NULL, '2009-03-24 17:40:23', '1981-03-26 05:25:18');
INSERT INTO `media` (`id`, `media_type_id`, `user_id`, `body`, `filename`, `size`, `metadata`, `created_at`, `updated_at`) VALUES ('45', '45', '45', 'Repellat consequuntur cumque cupiditate ratione reiciendis itaque molestiae. Magnam tenetur impedit labore porro minima officiis et fugit. In voluptatem quia autem qui quo.', 'veritatis', 103038, NULL, '2002-02-18 04:37:26', '2001-01-02 07:42:07');
INSERT INTO `media` (`id`, `media_type_id`, `user_id`, `body`, `filename`, `size`, `metadata`, `created_at`, `updated_at`) VALUES ('46', '46', '46', 'Autem dolorum dolorum architecto. Dolorem aperiam nobis vitae. Sit modi omnis hic sit. Et amet temporibus illum quos nisi.', 'nesciunt', 759113, NULL, '2002-05-12 06:43:01', '1996-07-18 21:50:17');
INSERT INTO `media` (`id`, `media_type_id`, `user_id`, `body`, `filename`, `size`, `metadata`, `created_at`, `updated_at`) VALUES ('47', '47', '47', 'Voluptatem ex consequuntur et minima. Repellat ducimus accusamus neque repudiandae est et. Quasi autem aperiam eum. Voluptates quia maxime consequuntur amet est reiciendis eius esse. Dolor atque ut aut.', 'enim', 63195222, NULL, '1985-03-12 14:10:21', '2003-04-18 02:54:41');
INSERT INTO `media` (`id`, `media_type_id`, `user_id`, `body`, `filename`, `size`, `metadata`, `created_at`, `updated_at`) VALUES ('48', '48', '48', 'Nulla similique et possimus itaque iste occaecati occaecati provident. Rerum voluptatem laborum voluptatem qui earum rerum quam.', 'eligendi', 578103, NULL, '2016-09-08 12:23:14', '1999-04-30 15:25:39');
INSERT INTO `media` (`id`, `media_type_id`, `user_id`, `body`, `filename`, `size`, `metadata`, `created_at`, `updated_at`) VALUES ('49', '49', '49', 'Aut perferendis debitis labore ex et sed in. Soluta tenetur facere reprehenderit voluptates. Saepe minus inventore molestiae aut voluptate repudiandae officiis et.', 'enim', 99052, NULL, '1972-10-18 16:32:20', '2011-05-08 15:01:04');
INSERT INTO `media` (`id`, `media_type_id`, `user_id`, `body`, `filename`, `size`, `metadata`, `created_at`, `updated_at`) VALUES ('50', '50', '50', 'Enim sit rerum delectus suscipit. Dicta omnis blanditiis nam omnis cumque aut qui esse. Quam et voluptatem optio est nobis et eveniet.', 'dolores', 164, NULL, '1987-04-09 02:17:59', '2018-01-31 13:35:38');
INSERT INTO `media` (`id`, `media_type_id`, `user_id`, `body`, `filename`, `size`, `metadata`, `created_at`, `updated_at`) VALUES ('51', '51', '51', 'Quasi et sunt libero sed dolore molestiae. Et id similique expedita veniam.', 'distinctio', 46837330, NULL, '2008-04-02 17:07:09', '1978-02-25 08:48:02');
INSERT INTO `media` (`id`, `media_type_id`, `user_id`, `body`, `filename`, `size`, `metadata`, `created_at`, `updated_at`) VALUES ('52', '52', '52', 'Porro quod molestias perferendis et quia laudantium unde. Quam occaecati velit et. Sed id voluptatibus sit ut omnis. Ut sequi odio quis.', 'quae', 84, NULL, '1994-07-25 20:24:02', '1985-10-29 10:18:17');
INSERT INTO `media` (`id`, `media_type_id`, `user_id`, `body`, `filename`, `size`, `metadata`, `created_at`, `updated_at`) VALUES ('53', '53', '53', 'Necessitatibus error debitis illum rem quam earum. Assumenda dicta amet blanditiis excepturi commodi repudiandae aperiam. Id quia et quos aut illum id sed. Dicta et quaerat qui dolores.', 'saepe', 8956695, NULL, '1989-01-11 16:42:25', '1983-10-31 23:38:10');
INSERT INTO `media` (`id`, `media_type_id`, `user_id`, `body`, `filename`, `size`, `metadata`, `created_at`, `updated_at`) VALUES ('54', '54', '54', 'Aut aliquam et voluptas. Blanditiis nostrum explicabo incidunt qui inventore tenetur. Et rem temporibus quidem ullam provident repudiandae sunt. Nobis voluptas alias atque ullam voluptas.', 'dolor', 73993314, NULL, '1985-04-15 03:58:48', '2018-01-23 04:16:34');
INSERT INTO `media` (`id`, `media_type_id`, `user_id`, `body`, `filename`, `size`, `metadata`, `created_at`, `updated_at`) VALUES ('55', '55', '55', 'Quibusdam rem alias earum odit. Nisi neque temporibus expedita laudantium. Nostrum molestias totam ut omnis et unde voluptatem.', 'ex', 79, NULL, '2014-06-05 10:11:37', '1992-09-15 07:47:55');
INSERT INTO `media` (`id`, `media_type_id`, `user_id`, `body`, `filename`, `size`, `metadata`, `created_at`, `updated_at`) VALUES ('56', '56', '56', 'Minus quia consequatur quae explicabo earum. Eos ut sequi quia voluptas ut fugit. Fuga non dolores ea autem nihil.', 'est', 8902257, NULL, '1980-11-25 22:04:17', '2012-04-23 22:43:12');
INSERT INTO `media` (`id`, `media_type_id`, `user_id`, `body`, `filename`, `size`, `metadata`, `created_at`, `updated_at`) VALUES ('57', '57', '57', 'At aut et ipsa temporibus soluta aut consequatur. Eius odit minus suscipit eaque consequatur ipsum dolor cumque. Ducimus omnis adipisci sit quos veniam aut.', 'esse', 814184, NULL, '1996-06-27 16:52:14', '1974-09-01 07:07:35');
INSERT INTO `media` (`id`, `media_type_id`, `user_id`, `body`, `filename`, `size`, `metadata`, `created_at`, `updated_at`) VALUES ('58', '58', '58', 'Inventore ut ut quos rerum dolorum et quam. Alias eos consequuntur tenetur unde eum.', 'aut', 52191778, NULL, '2015-12-05 11:20:58', '2010-11-26 20:31:52');
INSERT INTO `media` (`id`, `media_type_id`, `user_id`, `body`, `filename`, `size`, `metadata`, `created_at`, `updated_at`) VALUES ('59', '59', '59', 'Velit itaque magnam aliquid sit omnis ut dolor. Delectus necessitatibus est non sint nostrum.', 'aut', 341525569, NULL, '2003-09-10 04:16:37', '2006-05-28 16:55:28');
INSERT INTO `media` (`id`, `media_type_id`, `user_id`, `body`, `filename`, `size`, `metadata`, `created_at`, `updated_at`) VALUES ('60', '60', '60', 'Perferendis accusamus incidunt rem qui sint. Officiis itaque et aperiam consequatur magni. Error unde ut dolores illo sint minima dolorum.', 'alias', 2, NULL, '2014-06-15 07:58:37', '2002-08-03 18:11:52');
INSERT INTO `media` (`id`, `media_type_id`, `user_id`, `body`, `filename`, `size`, `metadata`, `created_at`, `updated_at`) VALUES ('61', '61', '61', 'Nostrum voluptatem amet qui nihil. Fugit voluptas voluptatum aut adipisci ut blanditiis. Voluptatem dolores sunt quam id molestias. Sint voluptate quae dolorum id ab est et.', 'dolor', 33125, NULL, '1990-04-14 16:34:31', '1985-01-31 07:57:19');
INSERT INTO `media` (`id`, `media_type_id`, `user_id`, `body`, `filename`, `size`, `metadata`, `created_at`, `updated_at`) VALUES ('62', '62', '62', 'Aut et suscipit molestiae est alias beatae nam. Consectetur quisquam id laboriosam consectetur. Illum qui et aliquam culpa placeat aut quis.', 'ullam', 7, NULL, '1970-03-27 18:18:41', '1973-12-03 02:27:40');
INSERT INTO `media` (`id`, `media_type_id`, `user_id`, `body`, `filename`, `size`, `metadata`, `created_at`, `updated_at`) VALUES ('63', '63', '63', 'Facere quia voluptatibus quis amet. Sit molestiae deleniti ab id dolore libero. Rerum est consequuntur ratione distinctio ea assumenda tempora.', 'alias', 416035990, NULL, '1996-06-12 11:42:43', '1998-01-18 11:52:04');
INSERT INTO `media` (`id`, `media_type_id`, `user_id`, `body`, `filename`, `size`, `metadata`, `created_at`, `updated_at`) VALUES ('64', '64', '64', 'Ea exercitationem veniam saepe voluptate. Ipsam rerum accusamus dolores. Velit saepe dolore quia consequatur. Quia rerum veniam fuga voluptas doloribus reiciendis vel. Sunt quos in est dolor saepe.', 'fugiat', 11965, NULL, '1983-09-12 02:34:54', '1972-07-29 13:47:55');
INSERT INTO `media` (`id`, `media_type_id`, `user_id`, `body`, `filename`, `size`, `metadata`, `created_at`, `updated_at`) VALUES ('65', '65', '65', 'Et dolores sint est. Temporibus enim odit sit quia. Ipsum aut dolore in modi perspiciatis reiciendis et aliquam.', 'voluptate', 0, NULL, '2018-01-11 00:27:58', '2008-04-02 07:51:46');
INSERT INTO `media` (`id`, `media_type_id`, `user_id`, `body`, `filename`, `size`, `metadata`, `created_at`, `updated_at`) VALUES ('66', '66', '66', 'Modi natus unde commodi corporis exercitationem aliquid vitae. Quod doloremque non rerum numquam sunt accusantium. Ut sit eaque voluptatibus enim numquam repudiandae accusamus.', 'sunt', 38839, NULL, '2006-11-13 03:47:43', '2003-10-09 17:02:18');
INSERT INTO `media` (`id`, `media_type_id`, `user_id`, `body`, `filename`, `size`, `metadata`, `created_at`, `updated_at`) VALUES ('67', '67', '67', 'Voluptatibus quia reiciendis optio iste quos voluptate. Dignissimos voluptatem omnis et quis. Iusto deserunt sequi sint magni voluptates. Nulla qui ab consequatur id cumque.', 'eaque', 43, NULL, '2000-12-18 13:09:49', '2016-06-19 19:10:41');
INSERT INTO `media` (`id`, `media_type_id`, `user_id`, `body`, `filename`, `size`, `metadata`, `created_at`, `updated_at`) VALUES ('68', '68', '68', 'Sunt esse consequuntur laborum voluptate distinctio. Nisi asperiores earum quidem ab quibusdam. Consequatur veritatis illo totam et est tempora quo quia. Illo labore aperiam voluptatum ad et quod.', 'ut', 282, NULL, '2002-10-08 15:46:57', '1979-05-14 23:29:19');
INSERT INTO `media` (`id`, `media_type_id`, `user_id`, `body`, `filename`, `size`, `metadata`, `created_at`, `updated_at`) VALUES ('69', '69', '69', 'Dignissimos ullam libero omnis. Eius unde nisi eligendi quaerat qui debitis aliquid. Iure ea incidunt provident doloribus quos.', 'et', 61, NULL, '2019-04-07 23:40:59', '2008-02-04 14:16:35');
INSERT INTO `media` (`id`, `media_type_id`, `user_id`, `body`, `filename`, `size`, `metadata`, `created_at`, `updated_at`) VALUES ('70', '70', '70', 'Qui non aspernatur aperiam. Soluta rerum eum aut. Nihil porro dolorum corrupti.', 'fugiat', 15, NULL, '2013-01-25 06:34:17', '2015-06-01 20:57:30');
INSERT INTO `media` (`id`, `media_type_id`, `user_id`, `body`, `filename`, `size`, `metadata`, `created_at`, `updated_at`) VALUES ('71', '71', '71', 'Eaque minus necessitatibus consequatur eum et voluptatem est. Ut quia veniam nobis maxime. Est quia qui quia officiis aperiam. Vel nihil quia molestiae eius iure voluptatem.', 'maiores', 59911, NULL, '2011-12-12 13:43:37', '1985-01-06 06:08:40');
INSERT INTO `media` (`id`, `media_type_id`, `user_id`, `body`, `filename`, `size`, `metadata`, `created_at`, `updated_at`) VALUES ('72', '72', '72', 'Quam cum non natus repellendus quibusdam vero consequatur voluptas. Aut qui aut unde quisquam. Eius ut aliquam suscipit quo nemo libero. Ratione in recusandae nostrum qui quo eum iusto quo.', 'nostrum', 59014, NULL, '1982-02-19 09:52:43', '1978-11-20 09:03:08');
INSERT INTO `media` (`id`, `media_type_id`, `user_id`, `body`, `filename`, `size`, `metadata`, `created_at`, `updated_at`) VALUES ('73', '73', '73', 'A molestias voluptas consequatur laboriosam autem possimus voluptas. Nobis sint omnis nulla et corporis iusto. Consectetur a enim aut eum itaque repellendus quo occaecati.', 'culpa', 1, NULL, '2000-10-17 23:17:00', '1985-09-29 18:25:43');
INSERT INTO `media` (`id`, `media_type_id`, `user_id`, `body`, `filename`, `size`, `metadata`, `created_at`, `updated_at`) VALUES ('74', '74', '74', 'Expedita maiores consequatur distinctio aut illum. Ex aliquid consequuntur eius temporibus adipisci voluptatem. Necessitatibus dolores minima dolor qui veniam a nihil. Molestiae itaque dignissimos sunt.', 'unde', 536, NULL, '2004-08-05 12:21:59', '1996-10-16 00:15:12');
INSERT INTO `media` (`id`, `media_type_id`, `user_id`, `body`, `filename`, `size`, `metadata`, `created_at`, `updated_at`) VALUES ('75', '75', '75', 'Consequatur non consequuntur sapiente laborum enim inventore ea dolore. Praesentium ipsum ut aut placeat voluptates nostrum sint. Cumque sint quis aut odio velit.', 'consequatur', 196704775, NULL, '1986-12-13 21:42:43', '1984-02-26 03:27:09');
INSERT INTO `media` (`id`, `media_type_id`, `user_id`, `body`, `filename`, `size`, `metadata`, `created_at`, `updated_at`) VALUES ('76', '76', '76', 'Aut ea eveniet ab enim expedita velit. Quam qui nostrum soluta eius totam aut. Ut tenetur omnis ut praesentium autem quia provident. Aut atque dolorum modi vel expedita et adipisci.', 'est', 0, NULL, '1990-01-17 13:41:44', '1995-12-20 05:27:44');
INSERT INTO `media` (`id`, `media_type_id`, `user_id`, `body`, `filename`, `size`, `metadata`, `created_at`, `updated_at`) VALUES ('77', '77', '77', 'Consequatur facere possimus earum rerum dolorem. Quam iure hic expedita dignissimos doloremque laudantium amet. Sed voluptas cumque accusantium distinctio iure atque harum.', 'ut', 784, NULL, '1990-12-26 00:51:16', '2014-01-02 06:05:55');
INSERT INTO `media` (`id`, `media_type_id`, `user_id`, `body`, `filename`, `size`, `metadata`, `created_at`, `updated_at`) VALUES ('78', '78', '78', 'A iusto numquam officiis porro quo culpa temporibus. Assumenda excepturi consequuntur voluptatem quia quis. Commodi recusandae ipsa est tempora consectetur ut laborum. Unde qui dolore tempora rem.', 'ipsum', 6, NULL, '2017-12-30 23:47:15', '1993-02-02 15:54:55');
INSERT INTO `media` (`id`, `media_type_id`, `user_id`, `body`, `filename`, `size`, `metadata`, `created_at`, `updated_at`) VALUES ('79', '79', '79', 'Accusantium cum est minus nulla ut voluptatem. Est ad tempora excepturi ut. Expedita pariatur dolor quia facilis fuga molestiae est. Amet et quas itaque voluptates.', 'ullam', 52281320, NULL, '2006-05-20 15:36:58', '1974-11-21 02:18:56');
INSERT INTO `media` (`id`, `media_type_id`, `user_id`, `body`, `filename`, `size`, `metadata`, `created_at`, `updated_at`) VALUES ('80', '80', '80', 'Et eius deserunt accusantium rerum adipisci dignissimos. Autem omnis ab error quidem aliquid dolore adipisci. Laudantium soluta voluptate autem repellendus hic et voluptas itaque. Ex deserunt dolor sit vel laudantium ut quia.', 'quaerat', 67113698, NULL, '1997-12-27 09:21:10', '1986-09-30 06:57:26');
INSERT INTO `media` (`id`, `media_type_id`, `user_id`, `body`, `filename`, `size`, `metadata`, `created_at`, `updated_at`) VALUES ('81', '81', '81', 'Reiciendis rerum labore voluptate. Deleniti mollitia odit sapiente iure.', 'quia', 4886, NULL, '1996-03-11 21:01:00', '2006-01-03 17:49:35');
INSERT INTO `media` (`id`, `media_type_id`, `user_id`, `body`, `filename`, `size`, `metadata`, `created_at`, `updated_at`) VALUES ('82', '82', '82', 'Aut sit et consequatur. Sint alias dolorem suscipit qui excepturi. Odit quis harum rem sunt omnis.', 'repellendus', 60947, NULL, '2008-04-21 16:09:58', '2010-01-08 23:36:05');
INSERT INTO `media` (`id`, `media_type_id`, `user_id`, `body`, `filename`, `size`, `metadata`, `created_at`, `updated_at`) VALUES ('83', '83', '83', 'Iste eligendi repellat sit et et aliquam magni tempore. Ea eos officiis beatae quod recusandae. Est ratione tempora cupiditate. Voluptate esse aut maiores sint est.', 'velit', 0, NULL, '1987-01-05 17:18:20', '2006-04-13 09:23:43');
INSERT INTO `media` (`id`, `media_type_id`, `user_id`, `body`, `filename`, `size`, `metadata`, `created_at`, `updated_at`) VALUES ('84', '84', '84', 'Ea et nihil delectus beatae eos quis repudiandae eligendi. Error optio occaecati minus blanditiis. Temporibus maiores officia sed iure numquam eum.', 'voluptate', 547, NULL, '2011-02-23 20:33:36', '1974-12-14 09:10:42');
INSERT INTO `media` (`id`, `media_type_id`, `user_id`, `body`, `filename`, `size`, `metadata`, `created_at`, `updated_at`) VALUES ('85', '85', '85', 'Rerum nulla voluptas dolores officia ab pariatur. At ut vel qui dolores quia. Laborum qui maxime quod rem quaerat molestiae mollitia.', 'vel', 4822745, NULL, '1989-05-04 18:53:35', '2015-11-26 13:10:52');
INSERT INTO `media` (`id`, `media_type_id`, `user_id`, `body`, `filename`, `size`, `metadata`, `created_at`, `updated_at`) VALUES ('86', '86', '86', 'Architecto culpa debitis ad consequatur est. Reiciendis similique dolore aliquam nesciunt eos nostrum qui. Ea non impedit voluptatem aut error nostrum.', 'eos', 493919, NULL, '1998-05-30 23:21:14', '2009-10-14 11:07:19');
INSERT INTO `media` (`id`, `media_type_id`, `user_id`, `body`, `filename`, `size`, `metadata`, `created_at`, `updated_at`) VALUES ('87', '87', '87', 'Vitae velit iure quasi molestiae repudiandae ullam voluptatem. Quo hic et autem incidunt quos impedit fuga nihil. Nobis beatae et aut laudantium molestiae. Nihil esse velit excepturi voluptatem facere natus dolor assumenda.', 'quas', 82081145, NULL, '2008-05-05 10:53:08', '1988-04-19 05:14:53');
INSERT INTO `media` (`id`, `media_type_id`, `user_id`, `body`, `filename`, `size`, `metadata`, `created_at`, `updated_at`) VALUES ('88', '88', '88', 'Sunt harum et fugiat voluptatem consequuntur sed. Sint nam nam totam non sed. Quod neque ut animi corrupti. Officiis explicabo veritatis numquam ad laboriosam voluptatibus.', 'repudiandae', 0, NULL, '2014-01-13 15:15:41', '1980-02-07 12:07:34');
INSERT INTO `media` (`id`, `media_type_id`, `user_id`, `body`, `filename`, `size`, `metadata`, `created_at`, `updated_at`) VALUES ('89', '89', '89', 'Pariatur omnis nostrum est cum. Sit id porro dicta et.', 'doloribus', 0, NULL, '2014-11-16 08:34:53', '1974-06-04 04:22:36');
INSERT INTO `media` (`id`, `media_type_id`, `user_id`, `body`, `filename`, `size`, `metadata`, `created_at`, `updated_at`) VALUES ('90', '90', '90', 'Sint velit illo dolorum non. Voluptatem laudantium ea alias eos. Esse corrupti voluptates ipsa itaque eum molestias aliquam.', 'rem', 121, NULL, '2016-06-30 14:24:02', '1980-03-31 18:06:15');
INSERT INTO `media` (`id`, `media_type_id`, `user_id`, `body`, `filename`, `size`, `metadata`, `created_at`, `updated_at`) VALUES ('91', '91', '91', 'Et id placeat quo repudiandae officiis dolor est. Velit ipsum quia enim. Voluptatem id perspiciatis eius harum nemo rem excepturi. Ut dolores consequatur tempora explicabo consequatur in dolorem.', 'in', 78272, NULL, '2013-02-03 23:07:52', '2009-11-17 21:22:36');
INSERT INTO `media` (`id`, `media_type_id`, `user_id`, `body`, `filename`, `size`, `metadata`, `created_at`, `updated_at`) VALUES ('92', '92', '92', 'Modi molestias magnam provident voluptates quidem. Ipsum autem earum repudiandae consequatur tempora doloremque occaecati. Ut sequi minima omnis vel aut dolor aut. Aut velit maiores illum sint.', 'illum', 445479, NULL, '1998-12-15 14:04:35', '1985-09-08 06:57:28');
INSERT INTO `media` (`id`, `media_type_id`, `user_id`, `body`, `filename`, `size`, `metadata`, `created_at`, `updated_at`) VALUES ('93', '93', '93', 'Est dolor error ut molestias. Aut distinctio quis voluptates id quam perferendis id. Nostrum ea est qui. Quia occaecati totam molestiae placeat culpa et iste.', 'ut', 0, NULL, '1990-08-28 06:19:39', '2015-04-19 06:08:53');
INSERT INTO `media` (`id`, `media_type_id`, `user_id`, `body`, `filename`, `size`, `metadata`, `created_at`, `updated_at`) VALUES ('94', '94', '94', 'Doloribus ut dolores veniam aliquid. Ut quos similique reprehenderit fugiat voluptatem. Porro voluptatem consequatur et dolorum. Ab praesentium perspiciatis rerum et.', 'vel', 129, NULL, '1996-12-10 23:09:12', '1976-07-10 08:41:47');
INSERT INTO `media` (`id`, `media_type_id`, `user_id`, `body`, `filename`, `size`, `metadata`, `created_at`, `updated_at`) VALUES ('95', '95', '95', 'Sit asperiores rerum et ut quia autem. Architecto est officiis cum fugit architecto. Odit magnam libero deleniti autem aut esse.', 'ut', 7, NULL, '2014-02-16 16:48:21', '1980-02-06 11:43:21');
INSERT INTO `media` (`id`, `media_type_id`, `user_id`, `body`, `filename`, `size`, `metadata`, `created_at`, `updated_at`) VALUES ('96', '96', '96', 'Sed suscipit deleniti facere et odit libero. Facilis quaerat sunt minus ratione reprehenderit iste. Debitis reiciendis voluptas sint possimus dolorem consequuntur. Quisquam officiis quas temporibus eos vero odit.', 'rerum', 82, NULL, '2019-04-07 17:55:53', '1983-03-18 10:35:00');
INSERT INTO `media` (`id`, `media_type_id`, `user_id`, `body`, `filename`, `size`, `metadata`, `created_at`, `updated_at`) VALUES ('97', '97', '97', 'Est earum ut eveniet a est. Deserunt consequatur architecto suscipit. Impedit voluptas fugit est ut. Explicabo nostrum molestiae corrupti sed a accusamus accusamus.', 'neque', 95, NULL, '1984-07-12 20:03:06', '1987-12-15 10:07:14');
INSERT INTO `media` (`id`, `media_type_id`, `user_id`, `body`, `filename`, `size`, `metadata`, `created_at`, `updated_at`) VALUES ('98', '98', '98', 'Modi eligendi consequatur magnam vero. Quam suscipit eaque error sed eius autem inventore. Ab excepturi molestias quibusdam dolor.', 'qui', 29336224, NULL, '1978-01-13 09:32:51', '2006-09-19 09:18:40');
INSERT INTO `media` (`id`, `media_type_id`, `user_id`, `body`, `filename`, `size`, `metadata`, `created_at`, `updated_at`) VALUES ('99', '99', '99', 'Dolores laudantium quia similique ut nemo numquam. Ratione provident nesciunt eum et natus. Sit sed ipsam veritatis rerum deleniti ratione quia.', 'et', 36702, NULL, '2006-05-27 20:58:39', '2009-11-21 16:29:10');
INSERT INTO `media` (`id`, `media_type_id`, `user_id`, `body`, `filename`, `size`, `metadata`, `created_at`, `updated_at`) VALUES ('100', '100', '100', 'Non illum architecto mollitia delectus. Quo fugiat magni quasi animi. Autem sapiente quia aspernatur sit officia laboriosam molestiae. Neque voluptatem at ipsam ullam velit. Impedit magnam consequatur amet quod ut aut laudantium tempore.', 'molestiae', 27605, NULL, '2009-11-19 01:19:16', '2012-01-10 21:26:00');

#
# TABLE STRUCTURE FOR: photo_album
#

DROP TABLE IF EXISTS `photo_album`;

CREATE TABLE `photo_album` (
  `id` bigint(20) unsigned NOT NULL AUTO_INCREMENT,
  `name` varchar(100) DEFAULT NULL,
  `user_id` bigint(20) unsigned DEFAULT NULL,
  PRIMARY KEY (`id`),
  UNIQUE KEY `id` (`id`),
  KEY `name` (`name`),
  KEY `user_id` (`user_id`),
  CONSTRAINT `photo_album_ibfk_1` FOREIGN KEY (`user_id`) REFERENCES `users` (`id`)
) ENGINE=InnoDB AUTO_INCREMENT=101 DEFAULT CHARSET=utf8;

INSERT INTO `photo_album` (`id`, `name`, `user_id`) VALUES ('1', 'in', '1');
INSERT INTO `photo_album` (`id`, `name`, `user_id`) VALUES ('2', 'quidem', '2');
INSERT INTO `photo_album` (`id`, `name`, `user_id`) VALUES ('3', 'odio', '3');
INSERT INTO `photo_album` (`id`, `name`, `user_id`) VALUES ('4', 'veniam', '4');
INSERT INTO `photo_album` (`id`, `name`, `user_id`) VALUES ('5', 'saepe', '5');
INSERT INTO `photo_album` (`id`, `name`, `user_id`) VALUES ('6', 'et', '6');
INSERT INTO `photo_album` (`id`, `name`, `user_id`) VALUES ('7', 'sequi', '7');
INSERT INTO `photo_album` (`id`, `name`, `user_id`) VALUES ('8', 'commodi', '8');
INSERT INTO `photo_album` (`id`, `name`, `user_id`) VALUES ('9', 'laboriosam', '9');
INSERT INTO `photo_album` (`id`, `name`, `user_id`) VALUES ('10', 'libero', '10');
INSERT INTO `photo_album` (`id`, `name`, `user_id`) VALUES ('11', 'commodi', '11');
INSERT INTO `photo_album` (`id`, `name`, `user_id`) VALUES ('12', 'sunt', '12');
INSERT INTO `photo_album` (`id`, `name`, `user_id`) VALUES ('13', 'et', '13');
INSERT INTO `photo_album` (`id`, `name`, `user_id`) VALUES ('14', 'quia', '14');
INSERT INTO `photo_album` (`id`, `name`, `user_id`) VALUES ('15', 'et', '15');
INSERT INTO `photo_album` (`id`, `name`, `user_id`) VALUES ('16', 'velit', '16');
INSERT INTO `photo_album` (`id`, `name`, `user_id`) VALUES ('17', 'perferendis', '17');
INSERT INTO `photo_album` (`id`, `name`, `user_id`) VALUES ('18', 'qui', '18');
INSERT INTO `photo_album` (`id`, `name`, `user_id`) VALUES ('19', 'voluptas', '19');
INSERT INTO `photo_album` (`id`, `name`, `user_id`) VALUES ('20', 'debitis', '20');
INSERT INTO `photo_album` (`id`, `name`, `user_id`) VALUES ('21', 'aut', '21');
INSERT INTO `photo_album` (`id`, `name`, `user_id`) VALUES ('22', 'ut', '22');
INSERT INTO `photo_album` (`id`, `name`, `user_id`) VALUES ('23', 'quo', '23');
INSERT INTO `photo_album` (`id`, `name`, `user_id`) VALUES ('24', 'natus', '24');
INSERT INTO `photo_album` (`id`, `name`, `user_id`) VALUES ('25', 'animi', '25');
INSERT INTO `photo_album` (`id`, `name`, `user_id`) VALUES ('26', 'error', '26');
INSERT INTO `photo_album` (`id`, `name`, `user_id`) VALUES ('27', 'et', '27');
INSERT INTO `photo_album` (`id`, `name`, `user_id`) VALUES ('28', 'minima', '28');
INSERT INTO `photo_album` (`id`, `name`, `user_id`) VALUES ('29', 'iusto', '29');
INSERT INTO `photo_album` (`id`, `name`, `user_id`) VALUES ('30', 'qui', '30');
INSERT INTO `photo_album` (`id`, `name`, `user_id`) VALUES ('31', 'ut', '31');
INSERT INTO `photo_album` (`id`, `name`, `user_id`) VALUES ('32', 'debitis', '32');
INSERT INTO `photo_album` (`id`, `name`, `user_id`) VALUES ('33', 'corrupti', '33');
INSERT INTO `photo_album` (`id`, `name`, `user_id`) VALUES ('34', 'placeat', '34');
INSERT INTO `photo_album` (`id`, `name`, `user_id`) VALUES ('35', 'quibusdam', '35');
INSERT INTO `photo_album` (`id`, `name`, `user_id`) VALUES ('36', 'quisquam', '36');
INSERT INTO `photo_album` (`id`, `name`, `user_id`) VALUES ('37', 'ex', '37');
INSERT INTO `photo_album` (`id`, `name`, `user_id`) VALUES ('38', 'perferendis', '38');
INSERT INTO `photo_album` (`id`, `name`, `user_id`) VALUES ('39', 'quaerat', '39');
INSERT INTO `photo_album` (`id`, `name`, `user_id`) VALUES ('40', 'nulla', '40');
INSERT INTO `photo_album` (`id`, `name`, `user_id`) VALUES ('41', 'nesciunt', '41');
INSERT INTO `photo_album` (`id`, `name`, `user_id`) VALUES ('42', 'et', '42');
INSERT INTO `photo_album` (`id`, `name`, `user_id`) VALUES ('43', 'excepturi', '43');
INSERT INTO `photo_album` (`id`, `name`, `user_id`) VALUES ('44', 'omnis', '44');
INSERT INTO `photo_album` (`id`, `name`, `user_id`) VALUES ('45', 'sint', '45');
INSERT INTO `photo_album` (`id`, `name`, `user_id`) VALUES ('46', 'expedita', '46');
INSERT INTO `photo_album` (`id`, `name`, `user_id`) VALUES ('47', 'consequatur', '47');
INSERT INTO `photo_album` (`id`, `name`, `user_id`) VALUES ('48', 'quaerat', '48');
INSERT INTO `photo_album` (`id`, `name`, `user_id`) VALUES ('49', 'veritatis', '49');
INSERT INTO `photo_album` (`id`, `name`, `user_id`) VALUES ('50', 'quia', '50');
INSERT INTO `photo_album` (`id`, `name`, `user_id`) VALUES ('51', 'numquam', '51');
INSERT INTO `photo_album` (`id`, `name`, `user_id`) VALUES ('52', 'deleniti', '52');
INSERT INTO `photo_album` (`id`, `name`, `user_id`) VALUES ('53', 'nobis', '53');
INSERT INTO `photo_album` (`id`, `name`, `user_id`) VALUES ('54', 'culpa', '54');
INSERT INTO `photo_album` (`id`, `name`, `user_id`) VALUES ('55', 'ut', '55');
INSERT INTO `photo_album` (`id`, `name`, `user_id`) VALUES ('56', 'consequatur', '56');
INSERT INTO `photo_album` (`id`, `name`, `user_id`) VALUES ('57', 'deleniti', '57');
INSERT INTO `photo_album` (`id`, `name`, `user_id`) VALUES ('58', 'inventore', '58');
INSERT INTO `photo_album` (`id`, `name`, `user_id`) VALUES ('59', 'earum', '59');
INSERT INTO `photo_album` (`id`, `name`, `user_id`) VALUES ('60', 'cum', '60');
INSERT INTO `photo_album` (`id`, `name`, `user_id`) VALUES ('61', 'exercitationem', '61');
INSERT INTO `photo_album` (`id`, `name`, `user_id`) VALUES ('62', 'soluta', '62');
INSERT INTO `photo_album` (`id`, `name`, `user_id`) VALUES ('63', 'natus', '63');
INSERT INTO `photo_album` (`id`, `name`, `user_id`) VALUES ('64', 'blanditiis', '64');
INSERT INTO `photo_album` (`id`, `name`, `user_id`) VALUES ('65', 'corrupti', '65');
INSERT INTO `photo_album` (`id`, `name`, `user_id`) VALUES ('66', 'maiores', '66');
INSERT INTO `photo_album` (`id`, `name`, `user_id`) VALUES ('67', 'in', '67');
INSERT INTO `photo_album` (`id`, `name`, `user_id`) VALUES ('68', 'odio', '68');
INSERT INTO `photo_album` (`id`, `name`, `user_id`) VALUES ('69', 'quidem', '69');
INSERT INTO `photo_album` (`id`, `name`, `user_id`) VALUES ('70', 'rem', '70');
INSERT INTO `photo_album` (`id`, `name`, `user_id`) VALUES ('71', 'facilis', '71');
INSERT INTO `photo_album` (`id`, `name`, `user_id`) VALUES ('72', 'repellat', '72');
INSERT INTO `photo_album` (`id`, `name`, `user_id`) VALUES ('73', 'quidem', '73');
INSERT INTO `photo_album` (`id`, `name`, `user_id`) VALUES ('74', 'nobis', '74');
INSERT INTO `photo_album` (`id`, `name`, `user_id`) VALUES ('75', 'aut', '75');
INSERT INTO `photo_album` (`id`, `name`, `user_id`) VALUES ('76', 'consequuntur', '76');
INSERT INTO `photo_album` (`id`, `name`, `user_id`) VALUES ('77', 'quibusdam', '77');
INSERT INTO `photo_album` (`id`, `name`, `user_id`) VALUES ('78', 'neque', '78');
INSERT INTO `photo_album` (`id`, `name`, `user_id`) VALUES ('79', 'laudantium', '79');
INSERT INTO `photo_album` (`id`, `name`, `user_id`) VALUES ('80', 'eaque', '80');
INSERT INTO `photo_album` (`id`, `name`, `user_id`) VALUES ('81', 'libero', '81');
INSERT INTO `photo_album` (`id`, `name`, `user_id`) VALUES ('82', 'omnis', '82');
INSERT INTO `photo_album` (`id`, `name`, `user_id`) VALUES ('83', 'consequatur', '83');
INSERT INTO `photo_album` (`id`, `name`, `user_id`) VALUES ('84', 'accusamus', '84');
INSERT INTO `photo_album` (`id`, `name`, `user_id`) VALUES ('85', 'velit', '85');
INSERT INTO `photo_album` (`id`, `name`, `user_id`) VALUES ('86', 'mollitia', '86');
INSERT INTO `photo_album` (`id`, `name`, `user_id`) VALUES ('87', 'et', '87');
INSERT INTO `photo_album` (`id`, `name`, `user_id`) VALUES ('88', 'impedit', '88');
INSERT INTO `photo_album` (`id`, `name`, `user_id`) VALUES ('89', 'perspiciatis', '89');
INSERT INTO `photo_album` (`id`, `name`, `user_id`) VALUES ('90', 'ab', '90');
INSERT INTO `photo_album` (`id`, `name`, `user_id`) VALUES ('91', 'nisi', '91');
INSERT INTO `photo_album` (`id`, `name`, `user_id`) VALUES ('92', 'enim', '92');
INSERT INTO `photo_album` (`id`, `name`, `user_id`) VALUES ('93', 'voluptate', '93');
INSERT INTO `photo_album` (`id`, `name`, `user_id`) VALUES ('94', 'architecto', '94');
INSERT INTO `photo_album` (`id`, `name`, `user_id`) VALUES ('95', 'enim', '95');
INSERT INTO `photo_album` (`id`, `name`, `user_id`) VALUES ('96', 'laudantium', '96');
INSERT INTO `photo_album` (`id`, `name`, `user_id`) VALUES ('97', 'nulla', '97');
INSERT INTO `photo_album` (`id`, `name`, `user_id`) VALUES ('98', 'totam', '98');
INSERT INTO `photo_album` (`id`, `name`, `user_id`) VALUES ('99', 'debitis', '99');
INSERT INTO `photo_album` (`id`, `name`, `user_id`) VALUES ('100', 'saepe', '100');

#
# TABLE STRUCTURE FOR: photo
#

DROP TABLE IF EXISTS `photo`;

CREATE TABLE `photo` (
  `id` bigint(20) unsigned NOT NULL AUTO_INCREMENT,
  `album_id` bigint(20) unsigned DEFAULT NULL,
  `media_id` bigint(20) unsigned DEFAULT NULL,
  PRIMARY KEY (`id`),
  UNIQUE KEY `id` (`id`),
  KEY `album_id` (`album_id`),
  KEY `media_id` (`media_id`),
  CONSTRAINT `photo_ibfk_1` FOREIGN KEY (`media_id`) REFERENCES `media` (`id`),
  CONSTRAINT `photo_ibfk_2` FOREIGN KEY (`album_id`) REFERENCES `photo_album` (`id`)
) ENGINE=InnoDB AUTO_INCREMENT=101 DEFAULT CHARSET=utf8;

INSERT INTO `photo` (`id`, `album_id`, `media_id`) VALUES ('1', '1', '1');
INSERT INTO `photo` (`id`, `album_id`, `media_id`) VALUES ('2', '2', '2');
INSERT INTO `photo` (`id`, `album_id`, `media_id`) VALUES ('3', '3', '3');
INSERT INTO `photo` (`id`, `album_id`, `media_id`) VALUES ('4', '4', '4');
INSERT INTO `photo` (`id`, `album_id`, `media_id`) VALUES ('5', '5', '5');
INSERT INTO `photo` (`id`, `album_id`, `media_id`) VALUES ('6', '6', '6');
INSERT INTO `photo` (`id`, `album_id`, `media_id`) VALUES ('7', '7', '7');
INSERT INTO `photo` (`id`, `album_id`, `media_id`) VALUES ('8', '8', '8');
INSERT INTO `photo` (`id`, `album_id`, `media_id`) VALUES ('9', '9', '9');
INSERT INTO `photo` (`id`, `album_id`, `media_id`) VALUES ('10', '10', '10');
INSERT INTO `photo` (`id`, `album_id`, `media_id`) VALUES ('11', '11', '11');
INSERT INTO `photo` (`id`, `album_id`, `media_id`) VALUES ('12', '12', '12');
INSERT INTO `photo` (`id`, `album_id`, `media_id`) VALUES ('13', '13', '13');
INSERT INTO `photo` (`id`, `album_id`, `media_id`) VALUES ('14', '14', '14');
INSERT INTO `photo` (`id`, `album_id`, `media_id`) VALUES ('15', '15', '15');
INSERT INTO `photo` (`id`, `album_id`, `media_id`) VALUES ('16', '16', '16');
INSERT INTO `photo` (`id`, `album_id`, `media_id`) VALUES ('17', '17', '17');
INSERT INTO `photo` (`id`, `album_id`, `media_id`) VALUES ('18', '18', '18');
INSERT INTO `photo` (`id`, `album_id`, `media_id`) VALUES ('19', '19', '19');
INSERT INTO `photo` (`id`, `album_id`, `media_id`) VALUES ('20', '20', '20');
INSERT INTO `photo` (`id`, `album_id`, `media_id`) VALUES ('21', '21', '21');
INSERT INTO `photo` (`id`, `album_id`, `media_id`) VALUES ('22', '22', '22');
INSERT INTO `photo` (`id`, `album_id`, `media_id`) VALUES ('23', '23', '23');
INSERT INTO `photo` (`id`, `album_id`, `media_id`) VALUES ('24', '24', '24');
INSERT INTO `photo` (`id`, `album_id`, `media_id`) VALUES ('25', '25', '25');
INSERT INTO `photo` (`id`, `album_id`, `media_id`) VALUES ('26', '26', '26');
INSERT INTO `photo` (`id`, `album_id`, `media_id`) VALUES ('27', '27', '27');
INSERT INTO `photo` (`id`, `album_id`, `media_id`) VALUES ('28', '28', '28');
INSERT INTO `photo` (`id`, `album_id`, `media_id`) VALUES ('29', '29', '29');
INSERT INTO `photo` (`id`, `album_id`, `media_id`) VALUES ('30', '30', '30');
INSERT INTO `photo` (`id`, `album_id`, `media_id`) VALUES ('31', '31', '31');
INSERT INTO `photo` (`id`, `album_id`, `media_id`) VALUES ('32', '32', '32');
INSERT INTO `photo` (`id`, `album_id`, `media_id`) VALUES ('33', '33', '33');
INSERT INTO `photo` (`id`, `album_id`, `media_id`) VALUES ('34', '34', '34');
INSERT INTO `photo` (`id`, `album_id`, `media_id`) VALUES ('35', '35', '35');
INSERT INTO `photo` (`id`, `album_id`, `media_id`) VALUES ('36', '36', '36');
INSERT INTO `photo` (`id`, `album_id`, `media_id`) VALUES ('37', '37', '37');
INSERT INTO `photo` (`id`, `album_id`, `media_id`) VALUES ('38', '38', '38');
INSERT INTO `photo` (`id`, `album_id`, `media_id`) VALUES ('39', '39', '39');
INSERT INTO `photo` (`id`, `album_id`, `media_id`) VALUES ('40', '40', '40');
INSERT INTO `photo` (`id`, `album_id`, `media_id`) VALUES ('41', '41', '41');
INSERT INTO `photo` (`id`, `album_id`, `media_id`) VALUES ('42', '42', '42');
INSERT INTO `photo` (`id`, `album_id`, `media_id`) VALUES ('43', '43', '43');
INSERT INTO `photo` (`id`, `album_id`, `media_id`) VALUES ('44', '44', '44');
INSERT INTO `photo` (`id`, `album_id`, `media_id`) VALUES ('45', '45', '45');
INSERT INTO `photo` (`id`, `album_id`, `media_id`) VALUES ('46', '46', '46');
INSERT INTO `photo` (`id`, `album_id`, `media_id`) VALUES ('47', '47', '47');
INSERT INTO `photo` (`id`, `album_id`, `media_id`) VALUES ('48', '48', '48');
INSERT INTO `photo` (`id`, `album_id`, `media_id`) VALUES ('49', '49', '49');
INSERT INTO `photo` (`id`, `album_id`, `media_id`) VALUES ('50', '50', '50');
INSERT INTO `photo` (`id`, `album_id`, `media_id`) VALUES ('51', '51', '51');
INSERT INTO `photo` (`id`, `album_id`, `media_id`) VALUES ('52', '52', '52');
INSERT INTO `photo` (`id`, `album_id`, `media_id`) VALUES ('53', '53', '53');
INSERT INTO `photo` (`id`, `album_id`, `media_id`) VALUES ('54', '54', '54');
INSERT INTO `photo` (`id`, `album_id`, `media_id`) VALUES ('55', '55', '55');
INSERT INTO `photo` (`id`, `album_id`, `media_id`) VALUES ('56', '56', '56');
INSERT INTO `photo` (`id`, `album_id`, `media_id`) VALUES ('57', '57', '57');
INSERT INTO `photo` (`id`, `album_id`, `media_id`) VALUES ('58', '58', '58');
INSERT INTO `photo` (`id`, `album_id`, `media_id`) VALUES ('59', '59', '59');
INSERT INTO `photo` (`id`, `album_id`, `media_id`) VALUES ('60', '60', '60');
INSERT INTO `photo` (`id`, `album_id`, `media_id`) VALUES ('61', '61', '61');
INSERT INTO `photo` (`id`, `album_id`, `media_id`) VALUES ('62', '62', '62');
INSERT INTO `photo` (`id`, `album_id`, `media_id`) VALUES ('63', '63', '63');
INSERT INTO `photo` (`id`, `album_id`, `media_id`) VALUES ('64', '64', '64');
INSERT INTO `photo` (`id`, `album_id`, `media_id`) VALUES ('65', '65', '65');
INSERT INTO `photo` (`id`, `album_id`, `media_id`) VALUES ('66', '66', '66');
INSERT INTO `photo` (`id`, `album_id`, `media_id`) VALUES ('67', '67', '67');
INSERT INTO `photo` (`id`, `album_id`, `media_id`) VALUES ('68', '68', '68');
INSERT INTO `photo` (`id`, `album_id`, `media_id`) VALUES ('69', '69', '69');
INSERT INTO `photo` (`id`, `album_id`, `media_id`) VALUES ('70', '70', '70');
INSERT INTO `photo` (`id`, `album_id`, `media_id`) VALUES ('71', '71', '71');
INSERT INTO `photo` (`id`, `album_id`, `media_id`) VALUES ('72', '72', '72');
INSERT INTO `photo` (`id`, `album_id`, `media_id`) VALUES ('73', '73', '73');
INSERT INTO `photo` (`id`, `album_id`, `media_id`) VALUES ('74', '74', '74');
INSERT INTO `photo` (`id`, `album_id`, `media_id`) VALUES ('75', '75', '75');
INSERT INTO `photo` (`id`, `album_id`, `media_id`) VALUES ('76', '76', '76');
INSERT INTO `photo` (`id`, `album_id`, `media_id`) VALUES ('77', '77', '77');
INSERT INTO `photo` (`id`, `album_id`, `media_id`) VALUES ('78', '78', '78');
INSERT INTO `photo` (`id`, `album_id`, `media_id`) VALUES ('79', '79', '79');
INSERT INTO `photo` (`id`, `album_id`, `media_id`) VALUES ('80', '80', '80');
INSERT INTO `photo` (`id`, `album_id`, `media_id`) VALUES ('81', '81', '81');
INSERT INTO `photo` (`id`, `album_id`, `media_id`) VALUES ('82', '82', '82');
INSERT INTO `photo` (`id`, `album_id`, `media_id`) VALUES ('83', '83', '83');
INSERT INTO `photo` (`id`, `album_id`, `media_id`) VALUES ('84', '84', '84');
INSERT INTO `photo` (`id`, `album_id`, `media_id`) VALUES ('85', '85', '85');
INSERT INTO `photo` (`id`, `album_id`, `media_id`) VALUES ('86', '86', '86');
INSERT INTO `photo` (`id`, `album_id`, `media_id`) VALUES ('87', '87', '87');
INSERT INTO `photo` (`id`, `album_id`, `media_id`) VALUES ('88', '88', '88');
INSERT INTO `photo` (`id`, `album_id`, `media_id`) VALUES ('89', '89', '89');
INSERT INTO `photo` (`id`, `album_id`, `media_id`) VALUES ('90', '90', '90');
INSERT INTO `photo` (`id`, `album_id`, `media_id`) VALUES ('91', '91', '91');
INSERT INTO `photo` (`id`, `album_id`, `media_id`) VALUES ('92', '92', '92');
INSERT INTO `photo` (`id`, `album_id`, `media_id`) VALUES ('93', '93', '93');
INSERT INTO `photo` (`id`, `album_id`, `media_id`) VALUES ('94', '94', '94');
INSERT INTO `photo` (`id`, `album_id`, `media_id`) VALUES ('95', '95', '95');
INSERT INTO `photo` (`id`, `album_id`, `media_id`) VALUES ('96', '96', '96');
INSERT INTO `photo` (`id`, `album_id`, `media_id`) VALUES ('97', '97', '97');
INSERT INTO `photo` (`id`, `album_id`, `media_id`) VALUES ('98', '98', '98');
INSERT INTO `photo` (`id`, `album_id`, `media_id`) VALUES ('99', '99', '99');
INSERT INTO `photo` (`id`, `album_id`, `media_id`) VALUES ('100', '100', '100');

#
# TABLE STRUCTURE FOR: post
#

DROP TABLE IF EXISTS `post`;

CREATE TABLE `post` (
  `id` bigint(20) unsigned NOT NULL AUTO_INCREMENT,
  `user_id` bigint(20) unsigned DEFAULT NULL,
  `media_id` bigint(20) unsigned DEFAULT NULL,
  `body` text DEFAULT NULL,
  `created_at` datetime DEFAULT current_timestamp(),
  `updated_at` datetime DEFAULT current_timestamp(),
  PRIMARY KEY (`id`),
  UNIQUE KEY `id` (`id`),
  KEY `media_id` (`media_id`),
  KEY `user_id` (`user_id`),
  CONSTRAINT `post_ibfk_1` FOREIGN KEY (`user_id`) REFERENCES `users` (`id`),
  CONSTRAINT `post_ibfk_2` FOREIGN KEY (`media_id`) REFERENCES `media` (`id`)
) ENGINE=InnoDB AUTO_INCREMENT=101 DEFAULT CHARSET=utf8;

INSERT INTO `post` (`id`, `user_id`, `media_id`, `body`, `created_at`, `updated_at`) VALUES ('1', '1', '1', 'Nisi placeat quos voluptas harum eos voluptatem. Qui et facilis fuga error impedit perspiciatis est. Quam quis nostrum ad in et.', '2002-03-20 22:26:51', '1986-02-04 00:37:20');
INSERT INTO `post` (`id`, `user_id`, `media_id`, `body`, `created_at`, `updated_at`) VALUES ('2', '2', '2', 'Incidunt aperiam quia aspernatur est. At quam quos excepturi illum necessitatibus cumque. Dolor eaque culpa ex eveniet velit. Veritatis ut voluptate autem dolorem commodi dolor labore.', '2003-06-13 00:01:11', '2011-03-02 13:25:31');
INSERT INTO `post` (`id`, `user_id`, `media_id`, `body`, `created_at`, `updated_at`) VALUES ('3', '3', '3', 'Qui deleniti numquam molestias iste. Sit doloribus eius ex veniam aut aut. Rerum consequatur expedita illum laboriosam doloribus earum nulla.', '2016-09-01 21:32:36', '1971-01-12 01:49:23');
INSERT INTO `post` (`id`, `user_id`, `media_id`, `body`, `created_at`, `updated_at`) VALUES ('4', '4', '4', 'Reiciendis sit ex unde animi voluptas qui est qui. Sed officia porro eaque error et. Ea debitis corporis possimus rerum.', '2003-06-06 01:58:55', '1970-09-20 10:40:19');
INSERT INTO `post` (`id`, `user_id`, `media_id`, `body`, `created_at`, `updated_at`) VALUES ('5', '5', '5', 'Delectus ex eos itaque doloremque sit non odio. Aspernatur dignissimos qui et architecto. Rem id aut repellat. Consectetur ratione unde corrupti.', '1971-12-16 04:20:20', '1997-08-19 19:00:19');
INSERT INTO `post` (`id`, `user_id`, `media_id`, `body`, `created_at`, `updated_at`) VALUES ('6', '6', '6', 'Aut numquam tenetur quaerat consequatur ipsam error. Aut dolorem optio ex doloremque nisi. Corporis corporis doloremque est quia et iusto. Ut non harum voluptas minima quos.', '2017-06-16 08:45:38', '2009-03-28 00:44:45');
INSERT INTO `post` (`id`, `user_id`, `media_id`, `body`, `created_at`, `updated_at`) VALUES ('7', '7', '7', 'Repellat aliquam aut consequatur sed hic velit est. Quia nulla qui assumenda non voluptatem quo qui. Ut temporibus quis qui nisi.', '1996-09-25 15:41:38', '1984-06-04 09:47:07');
INSERT INTO `post` (`id`, `user_id`, `media_id`, `body`, `created_at`, `updated_at`) VALUES ('8', '8', '8', 'Magni dolorum officia quis id eligendi voluptatem. Repellat officia aut nesciunt aliquid quis ullam eum optio. Pariatur ea aut est repellat sit.', '1979-10-06 23:48:09', '1985-07-06 01:23:43');
INSERT INTO `post` (`id`, `user_id`, `media_id`, `body`, `created_at`, `updated_at`) VALUES ('9', '9', '9', 'Veritatis et nisi non eos. Ex nisi laudantium et nihil neque ut at. Corrupti culpa qui accusantium dicta blanditiis autem rerum quia. Quae consequatur aliquam eum minima quaerat aut.', '1989-08-24 00:16:58', '2017-11-13 05:18:23');
INSERT INTO `post` (`id`, `user_id`, `media_id`, `body`, `created_at`, `updated_at`) VALUES ('10', '10', '10', 'Dolorem suscipit rerum dignissimos consequatur aut animi et. Praesentium ut ut et illo aut officiis. Sint doloremque similique nobis perferendis consectetur.', '2011-11-20 06:44:40', '2013-08-07 03:00:13');
INSERT INTO `post` (`id`, `user_id`, `media_id`, `body`, `created_at`, `updated_at`) VALUES ('11', '11', '11', 'Quaerat beatae quia at maiores laborum aspernatur impedit. Provident voluptatem tempore reiciendis. Quibusdam eos non esse laboriosam sunt.', '1996-01-25 19:18:23', '1976-04-23 09:30:34');
INSERT INTO `post` (`id`, `user_id`, `media_id`, `body`, `created_at`, `updated_at`) VALUES ('12', '12', '12', 'Nemo earum aut illum temporibus et. Praesentium voluptatum qui laborum. Et laudantium eius sed fugit iusto aut. Magnam suscipit quo eaque qui.', '2009-05-16 01:36:11', '2000-10-10 08:58:59');
INSERT INTO `post` (`id`, `user_id`, `media_id`, `body`, `created_at`, `updated_at`) VALUES ('13', '13', '13', 'Nesciunt aperiam quis laborum in. Quia sed laboriosam temporibus cumque blanditiis nihil. Aut incidunt veritatis totam qui.', '1973-02-04 21:03:03', '2014-05-30 07:36:46');
INSERT INTO `post` (`id`, `user_id`, `media_id`, `body`, `created_at`, `updated_at`) VALUES ('14', '14', '14', 'Et eligendi perspiciatis animi quae et provident. Consequatur in velit odio cumque excepturi. Ut dolore totam et.', '1993-09-06 16:03:25', '1998-09-23 12:40:22');
INSERT INTO `post` (`id`, `user_id`, `media_id`, `body`, `created_at`, `updated_at`) VALUES ('15', '15', '15', 'Excepturi voluptatem est minus minima omnis. Voluptas harum molestiae nemo aspernatur velit pariatur aperiam. Excepturi doloribus qui ipsum aut aut animi. Corrupti est qui dolorum culpa molestias voluptatem. Officia aut sunt repellendus dolores adipisci itaque.', '1985-06-17 03:17:21', '1975-03-10 04:37:27');
INSERT INTO `post` (`id`, `user_id`, `media_id`, `body`, `created_at`, `updated_at`) VALUES ('16', '16', '16', 'Eum dolores quis voluptas non maiores expedita temporibus. Pariatur tempora corrupti aperiam dolor commodi officia adipisci. Blanditiis rerum velit quod asperiores a placeat. Consequatur beatae sequi magnam atque et ipsa.', '1979-02-04 04:29:35', '1995-02-24 01:20:38');
INSERT INTO `post` (`id`, `user_id`, `media_id`, `body`, `created_at`, `updated_at`) VALUES ('17', '17', '17', 'Nemo aspernatur est accusantium porro. Commodi illum est omnis eos fuga vero provident. Omnis magnam ea ab dolores.', '2017-05-23 12:51:33', '1995-05-08 06:03:43');
INSERT INTO `post` (`id`, `user_id`, `media_id`, `body`, `created_at`, `updated_at`) VALUES ('18', '18', '18', 'Vel mollitia earum iure aut nihil. Voluptatem beatae aliquam quia nam delectus ut voluptas. Nemo quia similique harum placeat voluptatem quia. Aut sunt ad cumque.', '2015-02-09 07:08:50', '1989-04-20 03:12:02');
INSERT INTO `post` (`id`, `user_id`, `media_id`, `body`, `created_at`, `updated_at`) VALUES ('19', '19', '19', 'Odit omnis voluptatem ab dolor. Nihil magnam a quis. Iste quidem et hic ratione sed blanditiis id corporis. Rerum reiciendis id laudantium explicabo sequi veniam.', '1988-04-25 10:22:43', '1970-11-19 03:15:05');
INSERT INTO `post` (`id`, `user_id`, `media_id`, `body`, `created_at`, `updated_at`) VALUES ('20', '20', '20', 'At quas fugiat inventore labore blanditiis. Doloremque maiores aut reprehenderit doloribus quod aperiam totam. Aspernatur expedita a soluta saepe quia sed. Doloribus saepe ut voluptatem voluptatem voluptatum vel fugiat accusantium.', '1975-05-30 09:21:52', '1977-02-22 15:29:56');
INSERT INTO `post` (`id`, `user_id`, `media_id`, `body`, `created_at`, `updated_at`) VALUES ('21', '21', '21', 'Sit dolorem esse ut optio laudantium dolorem autem. Quod animi accusantium quibusdam alias sed sit. Deserunt possimus tempora error molestias illum architecto sit. Repudiandae modi ipsam sed accusantium molestiae consequatur porro.', '1992-11-15 12:16:00', '2014-11-13 17:19:26');
INSERT INTO `post` (`id`, `user_id`, `media_id`, `body`, `created_at`, `updated_at`) VALUES ('22', '22', '22', 'Et sit quia et ad aut voluptatum consectetur. Facilis sit sit necessitatibus quis debitis expedita. Aspernatur libero et sed qui. Eos numquam est dicta ipsam cumque id.', '1982-02-23 10:26:05', '1999-09-03 02:11:28');
INSERT INTO `post` (`id`, `user_id`, `media_id`, `body`, `created_at`, `updated_at`) VALUES ('23', '23', '23', 'Consectetur animi vel esse architecto vitae hic hic. Voluptatem et suscipit sint soluta accusantium. Qui vel odio cumque. Consectetur dolor aut nulla rerum vel laboriosam.', '2011-07-07 23:31:49', '1993-03-13 18:14:06');
INSERT INTO `post` (`id`, `user_id`, `media_id`, `body`, `created_at`, `updated_at`) VALUES ('24', '24', '24', 'Quo eos animi at incidunt modi odit consequatur. Quam quisquam ratione doloribus et labore labore. Debitis debitis non necessitatibus cupiditate quidem et dolores.', '1992-09-10 18:03:42', '1986-06-03 06:31:33');
INSERT INTO `post` (`id`, `user_id`, `media_id`, `body`, `created_at`, `updated_at`) VALUES ('25', '25', '25', 'Quae et quis dicta et culpa ex consequatur. Dolor necessitatibus blanditiis dicta. Ducimus animi ipsam ut delectus vel. Nobis non sint qui earum.', '2013-08-19 12:06:42', '1990-09-08 11:04:46');
INSERT INTO `post` (`id`, `user_id`, `media_id`, `body`, `created_at`, `updated_at`) VALUES ('26', '26', '26', 'Saepe ut aliquam dolore quas repellendus reiciendis fugit qui. Quia placeat perferendis illo placeat eaque et voluptatem nisi. Quia laborum omnis rerum quas nostrum maiores. Repellendus placeat et esse ex quasi et qui.', '1996-11-11 23:50:58', '2015-08-26 21:34:40');
INSERT INTO `post` (`id`, `user_id`, `media_id`, `body`, `created_at`, `updated_at`) VALUES ('27', '27', '27', 'Et asperiores vitae non debitis dolores. Nesciunt ullam est et quam impedit.', '1987-12-21 13:42:28', '1980-07-17 08:32:36');
INSERT INTO `post` (`id`, `user_id`, `media_id`, `body`, `created_at`, `updated_at`) VALUES ('28', '28', '28', 'Repellendus qui sapiente laborum eius sequi. Nihil velit amet asperiores molestiae ut nihil debitis alias. Nobis non voluptatibus ipsam. Dolor dignissimos maiores nemo reprehenderit nam.', '2005-05-13 15:55:56', '2010-02-15 21:06:52');
INSERT INTO `post` (`id`, `user_id`, `media_id`, `body`, `created_at`, `updated_at`) VALUES ('29', '29', '29', 'Quas consequatur in esse sequi. Maxime sint animi minima nihil. Neque sint unde quam eos a. Quos cumque voluptas exercitationem ullam blanditiis nisi sit.', '1989-03-27 22:06:41', '1990-09-04 20:03:31');
INSERT INTO `post` (`id`, `user_id`, `media_id`, `body`, `created_at`, `updated_at`) VALUES ('30', '30', '30', 'Non qui eius perspiciatis nihil. Neque est nihil quos nemo voluptas culpa quos. Cum illo recusandae sunt veritatis recusandae voluptatibus. Accusantium dolore unde expedita autem facilis debitis.', '1983-04-03 06:09:31', '1979-07-06 01:34:57');
INSERT INTO `post` (`id`, `user_id`, `media_id`, `body`, `created_at`, `updated_at`) VALUES ('31', '31', '31', 'Aut quis a voluptates minima cumque sapiente in. Possimus ut qui quis sapiente.', '1997-10-09 13:01:27', '2012-09-24 07:47:30');
INSERT INTO `post` (`id`, `user_id`, `media_id`, `body`, `created_at`, `updated_at`) VALUES ('32', '32', '32', 'Molestias perferendis ea quaerat natus aut fugit. Est veritatis veritatis numquam quibusdam laborum ut. Harum est ratione eius consequuntur non. Aut autem in aut quibusdam eligendi dolorum.', '1973-01-24 17:13:22', '2017-09-05 08:23:00');
INSERT INTO `post` (`id`, `user_id`, `media_id`, `body`, `created_at`, `updated_at`) VALUES ('33', '33', '33', 'Officiis accusamus velit repudiandae harum in non nobis. Aspernatur itaque nisi alias qui est. Sed architecto sed quos fuga similique odit ab. Doloribus eum nobis sint animi autem.', '2009-01-17 03:13:44', '1994-05-24 04:49:32');
INSERT INTO `post` (`id`, `user_id`, `media_id`, `body`, `created_at`, `updated_at`) VALUES ('34', '34', '34', 'Consectetur porro quo facere est. Repellendus deserunt doloremque dolor quia. Fuga sint quod numquam commodi non recusandae.', '1994-02-21 01:43:51', '1973-07-10 16:24:23');
INSERT INTO `post` (`id`, `user_id`, `media_id`, `body`, `created_at`, `updated_at`) VALUES ('35', '35', '35', 'Recusandae dolorum enim placeat modi sed blanditiis. Sapiente aut omnis et est quis ratione aut. Dolore fuga quia in nobis sit laborum.', '1988-01-06 22:52:00', '1979-06-12 06:25:32');
INSERT INTO `post` (`id`, `user_id`, `media_id`, `body`, `created_at`, `updated_at`) VALUES ('36', '36', '36', 'Architecto accusamus eaque aut perferendis eius consequatur. In optio corrupti fuga quo vitae. Minima cupiditate fugiat repellat odio voluptatem cupiditate est. Minus sit ratione ut alias quasi similique quis. Inventore est enim quasi enim consequuntur perspiciatis deleniti est.', '2001-05-01 11:29:04', '1987-09-20 14:00:38');
INSERT INTO `post` (`id`, `user_id`, `media_id`, `body`, `created_at`, `updated_at`) VALUES ('37', '37', '37', 'Eligendi ad dolorum exercitationem qui et aut officia ut. Quae corrupti consequuntur voluptatem odit. Sed voluptatem ut sit architecto est aliquam ea. Rerum veniam culpa fuga sint quis alias est.', '2010-02-18 19:35:56', '1983-09-01 20:34:30');
INSERT INTO `post` (`id`, `user_id`, `media_id`, `body`, `created_at`, `updated_at`) VALUES ('38', '38', '38', 'Autem nulla rem similique debitis corrupti repellendus. Ipsa voluptatum qui tempora ut optio exercitationem.', '2010-01-12 14:03:38', '1984-08-11 10:28:50');
INSERT INTO `post` (`id`, `user_id`, `media_id`, `body`, `created_at`, `updated_at`) VALUES ('39', '39', '39', 'Cupiditate et qui aut totam aliquam qui. Omnis ea eveniet deleniti itaque sint debitis eos. Autem voluptatum nobis iste culpa sapiente.', '2013-09-21 13:17:20', '2011-04-22 05:25:41');
INSERT INTO `post` (`id`, `user_id`, `media_id`, `body`, `created_at`, `updated_at`) VALUES ('40', '40', '40', 'Maiores illo omnis deserunt qui molestiae aut. Non quaerat ut est laborum veniam eos enim. Ex et earum et rerum doloribus qui. Suscipit odit quis fugit aut officia doloribus quidem omnis.', '2003-06-25 23:10:55', '1998-04-01 19:58:00');
INSERT INTO `post` (`id`, `user_id`, `media_id`, `body`, `created_at`, `updated_at`) VALUES ('41', '41', '41', 'Voluptatibus aut iste maxime ut. Nihil architecto consequuntur porro. Possimus labore eveniet aut nihil laborum aperiam voluptatibus. Quia eos eligendi debitis numquam nihil velit culpa sequi.', '1975-04-16 10:18:45', '1990-07-07 04:42:23');
INSERT INTO `post` (`id`, `user_id`, `media_id`, `body`, `created_at`, `updated_at`) VALUES ('42', '42', '42', 'Quo temporibus assumenda maiores omnis accusantium excepturi. Est veritatis perferendis incidunt repellendus voluptas. Distinctio accusamus soluta blanditiis rerum minus aut magnam. Nulla amet praesentium dolor maiores dignissimos voluptatibus.', '2003-02-20 12:06:22', '2002-12-26 20:06:04');
INSERT INTO `post` (`id`, `user_id`, `media_id`, `body`, `created_at`, `updated_at`) VALUES ('43', '43', '43', 'Tempora enim tempora tempora ad. Et veniam magnam magnam veritatis sit. Laborum dolor est et et quo. Soluta deleniti esse rerum recusandae suscipit nihil nihil.', '1971-10-06 23:59:52', '1988-09-05 10:02:05');
INSERT INTO `post` (`id`, `user_id`, `media_id`, `body`, `created_at`, `updated_at`) VALUES ('44', '44', '44', 'Qui dolorem est rem sit. Ipsa eligendi minus at molestiae in dolorum.', '2015-04-02 14:39:46', '2009-02-14 14:47:31');
INSERT INTO `post` (`id`, `user_id`, `media_id`, `body`, `created_at`, `updated_at`) VALUES ('45', '45', '45', 'Eveniet voluptas quisquam soluta non ipsam nulla officiis. Occaecati ab eum officiis veritatis illum. Vero similique aut expedita culpa suscipit.', '2001-01-31 13:03:05', '2007-08-13 20:52:08');
INSERT INTO `post` (`id`, `user_id`, `media_id`, `body`, `created_at`, `updated_at`) VALUES ('46', '46', '46', 'Et consectetur quos facere est. Adipisci est sint dolor deserunt natus libero. Expedita qui eos aut adipisci officiis animi nostrum. Occaecati itaque rem velit quia qui.', '2012-05-08 19:16:06', '2002-08-10 13:49:43');
INSERT INTO `post` (`id`, `user_id`, `media_id`, `body`, `created_at`, `updated_at`) VALUES ('47', '47', '47', 'At rerum beatae eaque qui cum veniam atque. Exercitationem eius ut voluptatem. Quisquam in quibusdam magni quo at. Rerum ad ipsum qui itaque ipsa voluptatem.', '1981-09-12 10:55:57', '2017-07-12 14:11:24');
INSERT INTO `post` (`id`, `user_id`, `media_id`, `body`, `created_at`, `updated_at`) VALUES ('48', '48', '48', 'Itaque inventore sit enim. Minus in a numquam vitae odio aspernatur. Quidem sapiente atque et sequi eum dolor. Iste nobis velit facere vitae.', '1974-07-31 06:01:56', '2014-01-18 01:45:38');
INSERT INTO `post` (`id`, `user_id`, `media_id`, `body`, `created_at`, `updated_at`) VALUES ('49', '49', '49', 'Harum est nobis labore delectus delectus. Accusamus molestias quasi eum. Dolores quia qui dolores non autem natus rem.', '1977-05-22 20:39:17', '2012-04-30 02:37:00');
INSERT INTO `post` (`id`, `user_id`, `media_id`, `body`, `created_at`, `updated_at`) VALUES ('50', '50', '50', 'Alias ut iusto quia vel maxime. Nostrum enim qui quo in. Occaecati eligendi sunt excepturi quia alias qui. Maxime repellendus accusantium in omnis mollitia dolorum aut. Eum incidunt repellat adipisci laboriosam nam facere quia.', '2016-11-18 23:00:38', '1984-01-31 03:27:49');
INSERT INTO `post` (`id`, `user_id`, `media_id`, `body`, `created_at`, `updated_at`) VALUES ('51', '51', '51', 'Quam repellendus dolores et sit et deserunt esse deleniti. Corrupti molestias occaecati non dolorem velit praesentium voluptatibus. Nesciunt at voluptatum esse. Aut sit explicabo est et voluptatem sunt.', '1979-12-18 09:14:01', '2016-03-27 16:21:57');
INSERT INTO `post` (`id`, `user_id`, `media_id`, `body`, `created_at`, `updated_at`) VALUES ('52', '52', '52', 'Consequatur quae et asperiores dolor sit sint. Eos facilis ducimus aspernatur itaque totam neque omnis. Consequatur est ipsum soluta harum similique ex.', '1994-01-19 14:15:07', '1973-09-20 08:29:26');
INSERT INTO `post` (`id`, `user_id`, `media_id`, `body`, `created_at`, `updated_at`) VALUES ('53', '53', '53', 'Deserunt dolores quis sed laboriosam qui. Est et nisi qui aut aspernatur ea quasi est. Eligendi est molestias quia quia dignissimos placeat.', '2015-12-12 00:59:54', '2015-02-25 23:55:16');
INSERT INTO `post` (`id`, `user_id`, `media_id`, `body`, `created_at`, `updated_at`) VALUES ('54', '54', '54', 'Repudiandae fuga sunt sequi esse ut accusantium. Sunt cupiditate consequatur corrupti recusandae cum aspernatur excepturi voluptatem. Consequatur fugiat vel quidem quo.', '1995-05-14 19:44:05', '1992-05-08 23:07:08');
INSERT INTO `post` (`id`, `user_id`, `media_id`, `body`, `created_at`, `updated_at`) VALUES ('55', '55', '55', 'Blanditiis quam voluptatem mollitia dolor officia alias. Velit ducimus aspernatur omnis quam debitis asperiores est. Rem voluptatem deleniti enim.', '1972-05-24 05:06:23', '1982-12-20 00:13:13');
INSERT INTO `post` (`id`, `user_id`, `media_id`, `body`, `created_at`, `updated_at`) VALUES ('56', '56', '56', 'Necessitatibus error laudantium labore facere in. Dolore ad eos incidunt blanditiis non quis. Excepturi rerum expedita eligendi dolores sit exercitationem. Aut voluptate dolorum eos vel.', '2008-12-18 16:59:30', '1994-12-19 10:11:59');
INSERT INTO `post` (`id`, `user_id`, `media_id`, `body`, `created_at`, `updated_at`) VALUES ('57', '57', '57', 'Culpa ratione officia non. Nesciunt odit hic totam quis consequuntur excepturi tempore. Sed architecto dolores ratione dicta. Quia non illo laborum facilis maiores dolores voluptates.', '2010-04-09 19:41:25', '1979-06-24 12:28:43');
INSERT INTO `post` (`id`, `user_id`, `media_id`, `body`, `created_at`, `updated_at`) VALUES ('58', '58', '58', 'Non quidem accusamus cum in earum fuga. Corporis aut ipsam ut dolor et. Sunt non necessitatibus neque fugit ut. Sed voluptatem saepe molestiae dolor.', '1992-01-15 15:26:17', '2016-01-01 13:08:16');
INSERT INTO `post` (`id`, `user_id`, `media_id`, `body`, `created_at`, `updated_at`) VALUES ('59', '59', '59', 'Optio deserunt excepturi aliquam. Eaque animi sequi esse excepturi ratione quia laborum. Distinctio officia quia fuga asperiores et ut. Consequatur quia sunt sint aut.', '2017-05-31 11:56:23', '1978-07-13 17:23:43');
INSERT INTO `post` (`id`, `user_id`, `media_id`, `body`, `created_at`, `updated_at`) VALUES ('60', '60', '60', 'Debitis cum aut est quis modi. Officia ea nisi ullam ducimus accusamus qui omnis. Aspernatur officia non consequatur et ea rerum praesentium itaque.', '1987-07-03 09:48:59', '1995-10-28 11:59:45');
INSERT INTO `post` (`id`, `user_id`, `media_id`, `body`, `created_at`, `updated_at`) VALUES ('61', '61', '61', 'Qui et expedita animi cum neque iure. Cumque incidunt aut illo similique non. Numquam quos consequatur nulla quisquam.', '2008-11-26 21:26:39', '1981-09-22 17:03:48');
INSERT INTO `post` (`id`, `user_id`, `media_id`, `body`, `created_at`, `updated_at`) VALUES ('62', '62', '62', 'Animi optio dignissimos tenetur quos. Et cum consequatur aut sint et. Voluptates a sunt vitae est. Quia laboriosam fugiat excepturi reprehenderit corporis iusto dolorem.', '1977-03-19 22:09:11', '2009-04-23 19:17:03');
INSERT INTO `post` (`id`, `user_id`, `media_id`, `body`, `created_at`, `updated_at`) VALUES ('63', '63', '63', 'Esse quis maiores quia quasi minima. Dolore et quaerat qui adipisci eos. Libero accusantium voluptas quidem aut voluptas et.', '2019-02-25 19:46:47', '1978-12-08 21:49:18');
INSERT INTO `post` (`id`, `user_id`, `media_id`, `body`, `created_at`, `updated_at`) VALUES ('64', '64', '64', 'Et fuga aut quia. Voluptatibus ipsa et sint animi voluptatibus dolore facilis. Et ipsam eaque tempora esse pariatur quia consequatur fugit.', '1998-10-09 16:24:00', '1992-04-18 23:06:30');
INSERT INTO `post` (`id`, `user_id`, `media_id`, `body`, `created_at`, `updated_at`) VALUES ('65', '65', '65', 'Accusantium labore porro sit inventore ut qui. Minus accusantium est dolorem. Quidem maiores nisi repellat et recusandae odio facere.', '1970-12-23 01:59:12', '1993-08-19 21:50:02');
INSERT INTO `post` (`id`, `user_id`, `media_id`, `body`, `created_at`, `updated_at`) VALUES ('66', '66', '66', 'Repellendus quos rerum veritatis eos esse. Omnis magni quos molestiae necessitatibus nemo voluptatem. Quod ut qui dignissimos facere aliquid et.', '1997-09-14 17:23:17', '2019-02-28 04:04:37');
INSERT INTO `post` (`id`, `user_id`, `media_id`, `body`, `created_at`, `updated_at`) VALUES ('67', '67', '67', 'Temporibus optio et deserunt similique voluptate et delectus eaque. Est necessitatibus quaerat consectetur accusantium dignissimos in quia. Cum ea sit qui accusamus.', '2011-12-16 15:00:29', '1971-11-24 21:49:12');
INSERT INTO `post` (`id`, `user_id`, `media_id`, `body`, `created_at`, `updated_at`) VALUES ('68', '68', '68', 'Optio tempore reprehenderit a delectus et. Blanditiis est deserunt deleniti commodi et. Deserunt autem eius quisquam. Culpa minima vel quam.', '2011-10-09 15:11:58', '2005-12-31 10:50:00');
INSERT INTO `post` (`id`, `user_id`, `media_id`, `body`, `created_at`, `updated_at`) VALUES ('69', '69', '69', 'Omnis et provident perspiciatis non adipisci eos ducimus. Quos cumque similique vel exercitationem tenetur. Repudiandae illum qui fuga unde est delectus. Culpa voluptas eum sapiente repudiandae at temporibus.', '1989-12-14 11:35:51', '2013-11-05 14:32:55');
INSERT INTO `post` (`id`, `user_id`, `media_id`, `body`, `created_at`, `updated_at`) VALUES ('70', '70', '70', 'Sint maiores amet illum aperiam laudantium. In ipsa ipsam alias aut. Ea aut natus ab dolores reiciendis quidem. Laborum ad placeat id quibusdam.', '2011-07-02 01:46:10', '2011-04-02 19:56:51');
INSERT INTO `post` (`id`, `user_id`, `media_id`, `body`, `created_at`, `updated_at`) VALUES ('71', '71', '71', 'Voluptatum sunt minus ea placeat ipsam laborum qui quam. Id neque est quis repudiandae. Facere ut vel aut.', '1970-10-11 00:03:04', '1993-07-19 17:59:55');
INSERT INTO `post` (`id`, `user_id`, `media_id`, `body`, `created_at`, `updated_at`) VALUES ('72', '72', '72', 'Nemo voluptas ullam eum. Voluptates consequatur magnam quidem voluptas ipsam quae nulla minus. Suscipit est at repellendus nisi aliquid expedita. Nulla libero vel voluptate nihil.', '1980-03-30 05:14:45', '1995-05-04 03:19:05');
INSERT INTO `post` (`id`, `user_id`, `media_id`, `body`, `created_at`, `updated_at`) VALUES ('73', '73', '73', 'Consequatur non in inventore quam animi sint reprehenderit. Totam non voluptate quaerat illo. Consequatur numquam ab aspernatur dolores quas alias.', '1990-09-15 05:53:53', '1986-10-14 13:26:04');
INSERT INTO `post` (`id`, `user_id`, `media_id`, `body`, `created_at`, `updated_at`) VALUES ('74', '74', '74', 'Et modi perferendis ipsum nisi. Voluptates expedita ut est. Maiores iste voluptatem eum ut voluptatem consequuntur aut nisi. Ullam nihil ducimus aliquid magni cum.', '1983-11-27 00:05:14', '1995-07-25 09:01:25');
INSERT INTO `post` (`id`, `user_id`, `media_id`, `body`, `created_at`, `updated_at`) VALUES ('75', '75', '75', 'Quia illum et ratione mollitia dicta. Voluptatem quas hic cum illum sunt accusantium.', '1973-03-12 14:32:00', '2004-03-11 14:02:23');
INSERT INTO `post` (`id`, `user_id`, `media_id`, `body`, `created_at`, `updated_at`) VALUES ('76', '76', '76', 'Quam doloremque totam id maxime qui consequatur. Non enim consectetur nesciunt molestias commodi accusantium. Non necessitatibus voluptatibus quam quod aut voluptatem architecto.', '1998-04-10 23:28:58', '1970-12-09 12:18:56');
INSERT INTO `post` (`id`, `user_id`, `media_id`, `body`, `created_at`, `updated_at`) VALUES ('77', '77', '77', 'Corporis nemo est quidem facere odio eaque quibusdam. Ut quibusdam architecto molestiae molestiae omnis sunt. Quia nulla hic nobis minus aperiam earum. Quo quos quia in dolores accusantium odio.', '2000-07-03 22:54:43', '1972-01-27 03:50:27');
INSERT INTO `post` (`id`, `user_id`, `media_id`, `body`, `created_at`, `updated_at`) VALUES ('78', '78', '78', 'Qui quia repudiandae et. Quos ut corporis fugiat qui impedit deleniti. Doloribus cum sequi consectetur aspernatur.', '1993-01-22 02:39:13', '2014-01-08 15:28:43');
INSERT INTO `post` (`id`, `user_id`, `media_id`, `body`, `created_at`, `updated_at`) VALUES ('79', '79', '79', 'Id voluptas rem deserunt non. Magni recusandae et est sint. Molestias facilis eos eligendi sed quia ab.', '1985-06-07 09:56:19', '1991-12-30 14:37:51');
INSERT INTO `post` (`id`, `user_id`, `media_id`, `body`, `created_at`, `updated_at`) VALUES ('80', '80', '80', 'Blanditiis ad autem unde optio odio laboriosam. Doloremque blanditiis eligendi deleniti consequatur temporibus minima maxime reprehenderit. Assumenda ut voluptatem velit enim quibusdam. Cupiditate cumque praesentium earum soluta dolore occaecati. Non consequuntur culpa placeat sequi id.', '1989-06-24 16:54:48', '1994-09-26 02:18:57');
INSERT INTO `post` (`id`, `user_id`, `media_id`, `body`, `created_at`, `updated_at`) VALUES ('81', '81', '81', 'Vel nobis possimus non quaerat laborum libero asperiores. Excepturi sed quisquam nulla ipsam praesentium omnis aut. Eum maxime sunt quidem explicabo repellendus dolor velit quaerat. Perferendis voluptas placeat ad sed odit in.', '2013-08-29 22:37:08', '1975-05-12 03:31:54');
INSERT INTO `post` (`id`, `user_id`, `media_id`, `body`, `created_at`, `updated_at`) VALUES ('82', '82', '82', 'Nulla perferendis non eos aut omnis quae delectus. Quaerat modi eligendi vero aut. Maiores et autem sint voluptatem magnam asperiores. Animi qui eum quisquam et sed est veniam.', '1990-06-11 06:41:33', '1992-12-15 18:49:00');
INSERT INTO `post` (`id`, `user_id`, `media_id`, `body`, `created_at`, `updated_at`) VALUES ('83', '83', '83', 'Et delectus et eaque est modi. Ex odio iure repellat. Omnis necessitatibus ab illo impedit corrupti distinctio eos. Soluta ea sed cumque animi.', '1993-02-27 15:26:04', '2008-08-02 08:23:31');
INSERT INTO `post` (`id`, `user_id`, `media_id`, `body`, `created_at`, `updated_at`) VALUES ('84', '84', '84', 'Asperiores eum nostrum consequatur autem commodi nihil. Veniam nesciunt voluptatum voluptatum dolor. Aperiam consequuntur cupiditate et sit excepturi est est. Ad sequi vitae ab tempore aspernatur.', '1986-04-05 17:10:28', '2005-06-24 20:01:20');
INSERT INTO `post` (`id`, `user_id`, `media_id`, `body`, `created_at`, `updated_at`) VALUES ('85', '85', '85', 'Dolorum voluptatem voluptas blanditiis delectus molestias et. Expedita et perferendis et distinctio cum doloribus architecto. Minima aliquam eos porro fuga ut aliquam velit.', '2001-07-23 04:12:17', '1982-01-12 21:08:55');
INSERT INTO `post` (`id`, `user_id`, `media_id`, `body`, `created_at`, `updated_at`) VALUES ('86', '86', '86', 'Inventore sed numquam quibusdam ullam dolore repudiandae at blanditiis. Nemo velit aut et voluptatibus laboriosam iste exercitationem. Exercitationem eveniet qui nulla vero.', '2013-06-10 11:55:06', '1985-06-15 14:34:48');
INSERT INTO `post` (`id`, `user_id`, `media_id`, `body`, `created_at`, `updated_at`) VALUES ('87', '87', '87', 'Saepe est illo nihil in in ea. Omnis maxime libero fugiat nihil mollitia nisi vero. Molestiae est ut recusandae.', '1997-12-02 23:05:22', '2007-01-23 02:50:19');
INSERT INTO `post` (`id`, `user_id`, `media_id`, `body`, `created_at`, `updated_at`) VALUES ('88', '88', '88', 'Consectetur facere doloremque vitae illum sed blanditiis eum. Ratione earum at non eum. Enim in nobis et et. Recusandae totam maiores harum nulla.', '1974-04-06 20:20:33', '2013-03-20 11:17:20');
INSERT INTO `post` (`id`, `user_id`, `media_id`, `body`, `created_at`, `updated_at`) VALUES ('89', '89', '89', 'Eum ea ipsa quae ut est optio. Omnis qui aut consequuntur nesciunt mollitia neque tempore. Nostrum delectus officiis eligendi blanditiis. Aut ut sapiente eos repellat minus voluptatum rerum.', '2001-03-31 02:03:52', '1975-11-23 06:42:40');
INSERT INTO `post` (`id`, `user_id`, `media_id`, `body`, `created_at`, `updated_at`) VALUES ('90', '90', '90', 'Doloremque quia suscipit ut ducimus expedita molestiae nihil. Vitae deserunt magni exercitationem in. Placeat eum voluptate dicta modi illum est voluptatem. Qui impedit distinctio ducimus officiis.', '2004-04-08 23:30:31', '1974-12-19 08:53:09');
INSERT INTO `post` (`id`, `user_id`, `media_id`, `body`, `created_at`, `updated_at`) VALUES ('91', '91', '91', 'Molestiae et qui tempora. Sunt maxime pariatur debitis soluta quasi libero. Dicta id nesciunt eligendi unde vitae.', '1971-07-03 17:32:43', '2000-01-05 02:03:50');
INSERT INTO `post` (`id`, `user_id`, `media_id`, `body`, `created_at`, `updated_at`) VALUES ('92', '92', '92', 'Fuga sit ab autem officiis aperiam incidunt molestiae. Mollitia praesentium omnis sed voluptatem incidunt ea illum consectetur. Et rem accusamus consectetur aut et omnis. Sed ut nulla dicta odit mollitia beatae.', '1991-07-22 07:53:39', '1971-03-07 23:56:04');
INSERT INTO `post` (`id`, `user_id`, `media_id`, `body`, `created_at`, `updated_at`) VALUES ('93', '93', '93', 'Occaecati qui incidunt modi dolorem dolor. Accusantium et deserunt natus dolorem magnam inventore. Delectus voluptas asperiores optio quos odit. Sint et temporibus sunt qui aut placeat.', '2017-01-13 17:35:12', '2013-01-08 08:46:27');
INSERT INTO `post` (`id`, `user_id`, `media_id`, `body`, `created_at`, `updated_at`) VALUES ('94', '94', '94', 'Aliquid omnis ea molestiae sit. Atque atque et perspiciatis dolores aspernatur ducimus et. Quo rerum accusamus quam a perspiciatis rerum amet.', '1983-02-09 15:37:35', '1976-01-02 11:20:12');
INSERT INTO `post` (`id`, `user_id`, `media_id`, `body`, `created_at`, `updated_at`) VALUES ('95', '95', '95', 'Magnam accusantium voluptatem sunt consequuntur soluta dolor. Libero hic et voluptas possimus. Ratione aut quo fugiat eum perspiciatis voluptatem.', '1986-03-02 04:47:33', '1978-03-15 05:30:45');
INSERT INTO `post` (`id`, `user_id`, `media_id`, `body`, `created_at`, `updated_at`) VALUES ('96', '96', '96', 'Tempore laboriosam molestias suscipit laborum nostrum. Occaecati autem velit voluptatem tempora est voluptatibus. Natus nesciunt voluptas occaecati quae dicta debitis consequuntur. Fugit culpa enim deleniti fugit ratione quis voluptate. Corrupti tempora labore ut est ipsam.', '2008-01-21 18:34:44', '1997-05-27 03:29:15');
INSERT INTO `post` (`id`, `user_id`, `media_id`, `body`, `created_at`, `updated_at`) VALUES ('97', '97', '97', 'Ipsam ipsa voluptatem quia et. Explicabo blanditiis odio eaque et. Deleniti repellat veritatis odit voluptatem quam qui voluptatem odio.', '1993-09-23 04:01:49', '1984-06-26 13:04:08');
INSERT INTO `post` (`id`, `user_id`, `media_id`, `body`, `created_at`, `updated_at`) VALUES ('98', '98', '98', 'Quos accusamus aut harum enim sint ducimus ut. Voluptatibus atque aliquid dignissimos consectetur reiciendis in. Facere vel saepe ut.', '2004-03-03 11:18:42', '1999-02-20 04:19:36');
INSERT INTO `post` (`id`, `user_id`, `media_id`, `body`, `created_at`, `updated_at`) VALUES ('99', '99', '99', 'Quis laborum iusto rerum exercitationem ut ex architecto. Amet qui quo vitae excepturi. Eaque odio illum esse deserunt. Amet expedita sunt blanditiis quia totam et sint.', '2019-01-21 13:42:36', '2007-07-20 08:29:21');
INSERT INTO `post` (`id`, `user_id`, `media_id`, `body`, `created_at`, `updated_at`) VALUES ('100', '100', '100', 'Voluptatem iste harum rem similique dolorem laboriosam. Odio qui aliquam aspernatur similique.', '1973-09-29 10:37:19', '1988-03-05 12:49:29');


#
# TABLE STRUCTURE FOR: messages
#

DROP TABLE IF EXISTS `messages`;

CREATE TABLE `messages` (
  `id` bigint(20) unsigned NOT NULL AUTO_INCREMENT,
  `from_user_id` bigint(20) unsigned DEFAULT NULL,
  `to_user_id` bigint(20) unsigned DEFAULT NULL,
  `media_id` bigint(20) unsigned DEFAULT NULL,
  `body` text DEFAULT NULL,
  `created_at` datetime DEFAULT current_timestamp(),
  PRIMARY KEY (`id`),
  UNIQUE KEY `id` (`id`),
  KEY `from_user_id` (`from_user_id`),
  KEY `to_user_id` (`to_user_id`),
  KEY `media_id` (`media_id`),
  CONSTRAINT `messages_ibfk_1` FOREIGN KEY (`from_user_id`) REFERENCES `users` (`id`),
  CONSTRAINT `messages_ibfk_2` FOREIGN KEY (`to_user_id`) REFERENCES `users` (`id`),
  CONSTRAINT `messages_ibfk_3` FOREIGN KEY (`media_id`) REFERENCES `media` (`id`)
) ENGINE=InnoDB AUTO_INCREMENT=101 DEFAULT CHARSET=utf8;

INSERT INTO `messages` (`id`, `from_user_id`, `to_user_id`, `media_id`, `body`, `created_at`) VALUES ('1', '1', '1', '1', 'Vero et sed ipsam quos et. Quis vitae impedit suscipit omnis. In vel accusantium earum illo ratione in ea.', '1994-08-15 22:15:55');
INSERT INTO `messages` (`id`, `from_user_id`, `to_user_id`, `media_id`, `body`, `created_at`) VALUES ('2', '2', '2', '2', 'Commodi quo vero sit architecto perferendis rerum suscipit. Est maiores sapiente numquam voluptate sed rerum et nihil. Deleniti ut tenetur debitis.', '1993-02-13 21:15:36');
INSERT INTO `messages` (`id`, `from_user_id`, `to_user_id`, `media_id`, `body`, `created_at`) VALUES ('3', '3', '3', '3', 'Eos sint blanditiis consequatur consequatur. Iste consequatur vel sapiente vel est. Voluptas rerum qui cupiditate ea doloribus. In eos fugiat quod iusto possimus sit saepe.', '1978-03-01 13:36:31');
INSERT INTO `messages` (`id`, `from_user_id`, `to_user_id`, `media_id`, `body`, `created_at`) VALUES ('4', '4', '4', '4', 'Et voluptatem ex ex aperiam reiciendis. Doloremque ut veniam voluptate voluptatem. Autem ut dolorem officiis.', '1983-06-15 20:34:49');
INSERT INTO `messages` (`id`, `from_user_id`, `to_user_id`, `media_id`, `body`, `created_at`) VALUES ('5', '5', '5', '5', 'Ipsa illo exercitationem provident eius. Necessitatibus provident sunt debitis non ad. Reprehenderit autem consequuntur neque aspernatur rerum exercitationem nemo sed.', '2014-05-22 11:10:04');
INSERT INTO `messages` (`id`, `from_user_id`, `to_user_id`, `media_id`, `body`, `created_at`) VALUES ('6', '6', '6', '6', 'Vitae vel id ut ipsum delectus rerum et laboriosam. Quia voluptatem veritatis cupiditate nihil. Itaque similique exercitationem sint aut. Placeat quam voluptatem voluptatum quaerat ad beatae aut.', '2006-07-11 05:44:42');
INSERT INTO `messages` (`id`, `from_user_id`, `to_user_id`, `media_id`, `body`, `created_at`) VALUES ('7', '7', '7', '7', 'In atque excepturi nisi nobis. Perferendis autem nobis aut. Corporis est nihil vel dolorem voluptates rem laborum.', '1970-03-11 23:31:27');
INSERT INTO `messages` (`id`, `from_user_id`, `to_user_id`, `media_id`, `body`, `created_at`) VALUES ('8', '8', '8', '8', 'Sunt corrupti voluptates iure esse cupiditate dolores doloribus. Et eaque quo non. Necessitatibus sunt impedit et et occaecati omnis qui maxime. Harum quam blanditiis unde repellat tempora architecto assumenda. Placeat quo nisi accusamus sit.', '1971-08-08 05:36:34');
INSERT INTO `messages` (`id`, `from_user_id`, `to_user_id`, `media_id`, `body`, `created_at`) VALUES ('9', '9', '9', '9', 'Enim praesentium rerum quo voluptas nihil consequuntur similique. Optio provident soluta quasi veniam doloribus ducimus. Debitis aperiam possimus rem officiis. Et ipsum quisquam vel eum tenetur.', '1991-01-08 06:10:25');
INSERT INTO `messages` (`id`, `from_user_id`, `to_user_id`, `media_id`, `body`, `created_at`) VALUES ('10', '10', '10', '10', 'Odio nostrum voluptas est ut quia animi. Totam ea molestias dolorem quis repellat error adipisci. Placeat ipsum officia sequi minus adipisci fuga. Expedita ut aperiam sint tempora dolorem neque doloremque.', '1998-01-02 13:40:43');
INSERT INTO `messages` (`id`, `from_user_id`, `to_user_id`, `media_id`, `body`, `created_at`) VALUES ('11', '11', '11', '11', 'Ea aut maiores beatae est sit praesentium dolor. Omnis eaque tempora et quo nulla dolor aut. Eum accusamus ratione omnis consequatur explicabo laborum.', '1978-09-17 22:29:48');
INSERT INTO `messages` (`id`, `from_user_id`, `to_user_id`, `media_id`, `body`, `created_at`) VALUES ('12', '12', '12', '12', 'Harum quaerat non voluptatum debitis officiis minus. Quia quod non laboriosam velit quod voluptas qui. Accusantium totam nemo qui vel id voluptatibus. Corporis minus quidem magnam est.', '1999-12-12 18:56:37');
INSERT INTO `messages` (`id`, `from_user_id`, `to_user_id`, `media_id`, `body`, `created_at`) VALUES ('13', '13', '13', '13', 'Officia nihil nihil quae ex voluptatibus ad ut et. Animi dolores modi voluptatem natus nisi saepe et iste. Ut amet eos fugiat sit velit molestiae repellat ad.', '1970-04-28 03:08:54');
INSERT INTO `messages` (`id`, `from_user_id`, `to_user_id`, `media_id`, `body`, `created_at`) VALUES ('14', '14', '14', '14', 'Explicabo atque enim fuga vel occaecati. Et molestiae quo libero. Eaque et provident tenetur in perferendis odio voluptatem.', '1986-04-12 04:53:09');
INSERT INTO `messages` (`id`, `from_user_id`, `to_user_id`, `media_id`, `body`, `created_at`) VALUES ('15', '15', '15', '15', 'Et temporibus excepturi architecto eos totam omnis sequi. Nisi quas a ratione animi quia. Ipsa at dolorem quidem blanditiis rerum et maxime. Eveniet quia suscipit sint voluptates et.', '2012-07-24 14:02:59');
INSERT INTO `messages` (`id`, `from_user_id`, `to_user_id`, `media_id`, `body`, `created_at`) VALUES ('16', '16', '16', '16', 'Velit nostrum deleniti tempore nesciunt. Provident quas quia quo unde dolore. Veniam et ea laboriosam excepturi. Sed vel enim ratione sit nisi adipisci.', '1995-01-19 22:18:25');
INSERT INTO `messages` (`id`, `from_user_id`, `to_user_id`, `media_id`, `body`, `created_at`) VALUES ('17', '17', '17', '17', 'Perspiciatis voluptas illum explicabo dicta reprehenderit expedita et voluptas. Ut voluptatum illo quae et aut incidunt.', '1997-03-02 11:25:31');
INSERT INTO `messages` (`id`, `from_user_id`, `to_user_id`, `media_id`, `body`, `created_at`) VALUES ('18', '18', '18', '18', 'Est asperiores et sit eos quasi. Deleniti similique qui eos repudiandae quia consequatur. Distinctio aut dolorem accusamus ad. Quod mollitia minus recusandae aperiam optio.', '1978-09-20 22:26:58');
INSERT INTO `messages` (`id`, `from_user_id`, `to_user_id`, `media_id`, `body`, `created_at`) VALUES ('19', '19', '19', '19', 'Et omnis incidunt ut ratione nostrum ullam nihil nisi. Eligendi qui ut non qui soluta mollitia est. Iure quis debitis deserunt. Cupiditate nobis in cumque molestiae dolores et.', '1973-11-07 11:22:53');
INSERT INTO `messages` (`id`, `from_user_id`, `to_user_id`, `media_id`, `body`, `created_at`) VALUES ('20', '20', '20', '20', 'Sint dolore corporis repudiandae corrupti minus deleniti. Qui sunt id est aut non autem.', '1981-01-21 01:08:40');
INSERT INTO `messages` (`id`, `from_user_id`, `to_user_id`, `media_id`, `body`, `created_at`) VALUES ('21', '21', '21', '21', 'Quia iste at quae eaque exercitationem consequatur. Alias iusto labore suscipit nam minima natus minima earum. Vitae aut voluptatem recusandae ut laboriosam.', '1989-05-10 10:29:42');
INSERT INTO `messages` (`id`, `from_user_id`, `to_user_id`, `media_id`, `body`, `created_at`) VALUES ('22', '22', '22', '22', 'Voluptatem non officia dolor quia quas doloremque. Nostrum ea iste ut suscipit et suscipit reiciendis. Magni quibusdam quibusdam totam quam voluptatem.', '1994-02-13 07:24:56');
INSERT INTO `messages` (`id`, `from_user_id`, `to_user_id`, `media_id`, `body`, `created_at`) VALUES ('23', '23', '23', '23', 'Dolor libero consequatur dolorem rem fuga. Est omnis rem ut sed ipsam itaque. Sint neque sint libero odit in rerum et voluptatem. Sunt ut voluptas est est.', '2015-06-09 18:24:07');
INSERT INTO `messages` (`id`, `from_user_id`, `to_user_id`, `media_id`, `body`, `created_at`) VALUES ('24', '24', '24', '24', 'Molestias aliquam soluta totam quia suscipit facilis. Architecto aut aliquid numquam soluta suscipit reprehenderit tenetur. Voluptatum voluptates officia at. Optio ut earum omnis quaerat laudantium.', '1992-04-07 11:21:07');
INSERT INTO `messages` (`id`, `from_user_id`, `to_user_id`, `media_id`, `body`, `created_at`) VALUES ('25', '25', '25', '25', 'Sapiente possimus dolorem aliquam dolorem et repudiandae. Quis voluptate itaque libero. Nihil deleniti qui occaecati consequatur ut quisquam. Voluptas perspiciatis voluptas itaque qui aut.', '1976-03-04 10:59:54');
INSERT INTO `messages` (`id`, `from_user_id`, `to_user_id`, `media_id`, `body`, `created_at`) VALUES ('26', '26', '26', '26', 'Sed illum pariatur sunt beatae ea iure. Et temporibus et porro voluptatem.', '1971-12-09 23:38:44');
INSERT INTO `messages` (`id`, `from_user_id`, `to_user_id`, `media_id`, `body`, `created_at`) VALUES ('27', '27', '27', '27', 'Totam hic ad quod et. Ut ipsum voluptate nam ut exercitationem. Qui non sed facere debitis. Autem ut ducimus odio et corrupti qui.', '1996-03-10 03:21:28');
INSERT INTO `messages` (`id`, `from_user_id`, `to_user_id`, `media_id`, `body`, `created_at`) VALUES ('28', '28', '28', '28', 'Eaque ipsam adipisci dolore reprehenderit sit. Nemo ducimus eos unde dicta qui. Dolores blanditiis nihil magni a nesciunt.', '1992-07-06 08:34:43');
INSERT INTO `messages` (`id`, `from_user_id`, `to_user_id`, `media_id`, `body`, `created_at`) VALUES ('29', '29', '29', '29', 'Mollitia cupiditate et cum velit aliquid et. Quis quaerat beatae repudiandae veniam. Voluptatem aliquid placeat quidem reiciendis. Reprehenderit aut facere soluta.', '2013-02-04 11:54:22');
INSERT INTO `messages` (`id`, `from_user_id`, `to_user_id`, `media_id`, `body`, `created_at`) VALUES ('30', '30', '30', '30', 'Consequatur quia dolorem unde ex. Beatae soluta autem ut quia eligendi porro quis. Voluptatem qui dolorem et nam ut aliquam rem.', '2003-04-21 02:26:44');
INSERT INTO `messages` (`id`, `from_user_id`, `to_user_id`, `media_id`, `body`, `created_at`) VALUES ('31', '31', '31', '31', 'Debitis odio earum qui modi. Quasi animi tempore consequatur aut sit. Sit dolores voluptatem aut architecto. Ab mollitia similique odio aperiam.', '1988-08-21 06:07:26');
INSERT INTO `messages` (`id`, `from_user_id`, `to_user_id`, `media_id`, `body`, `created_at`) VALUES ('32', '32', '32', '32', 'Culpa est perferendis expedita officia. Ea rerum facilis illo odit mollitia. In quis dolorum architecto voluptatem. Corrupti illo adipisci voluptas.', '1983-06-26 06:11:37');
INSERT INTO `messages` (`id`, `from_user_id`, `to_user_id`, `media_id`, `body`, `created_at`) VALUES ('33', '33', '33', '33', 'Reprehenderit perspiciatis facere ab non suscipit rerum. Reiciendis delectus et expedita unde et necessitatibus et. Beatae repellat ut maiores doloribus.', '2010-01-17 23:16:19');
INSERT INTO `messages` (`id`, `from_user_id`, `to_user_id`, `media_id`, `body`, `created_at`) VALUES ('34', '34', '34', '34', 'Veritatis totam dolore reiciendis. Ut quod illo cupiditate placeat voluptatum tempora. Modi totam earum praesentium odit ullam modi et.', '2004-06-28 07:35:09');
INSERT INTO `messages` (`id`, `from_user_id`, `to_user_id`, `media_id`, `body`, `created_at`) VALUES ('35', '35', '35', '35', 'Nihil iste rem animi ab ut. Quae atque nobis non voluptatem ad dolores omnis. Omnis dolorem iure repudiandae omnis nobis ut. Voluptas labore nam itaque ipsam quod.', '1988-03-06 05:55:54');
INSERT INTO `messages` (`id`, `from_user_id`, `to_user_id`, `media_id`, `body`, `created_at`) VALUES ('36', '36', '36', '36', 'Rem ullam quis accusamus sint aliquam voluptatibus. Totam suscipit quia labore accusantium quia. Possimus tenetur deserunt quidem provident quos omnis ullam. Voluptate molestiae quis ut adipisci dolorem eos.', '1971-03-30 04:14:46');
INSERT INTO `messages` (`id`, `from_user_id`, `to_user_id`, `media_id`, `body`, `created_at`) VALUES ('37', '37', '37', '37', 'Tempora at sed est et. Reprehenderit aut culpa ducimus quidem sed. Nobis at et tempora cupiditate. Et voluptas aut qui adipisci cumque animi sapiente quia. Modi nemo facere consequatur commodi atque.', '2018-11-08 21:49:05');
INSERT INTO `messages` (`id`, `from_user_id`, `to_user_id`, `media_id`, `body`, `created_at`) VALUES ('38', '38', '38', '38', 'Quas accusantium fuga qui qui eum corrupti sit enim. A quis molestias culpa ut omnis est nesciunt. Molestiae aliquid similique blanditiis est nam dolor hic fugiat. Voluptate soluta non nesciunt qui.', '1986-03-09 12:25:05');
INSERT INTO `messages` (`id`, `from_user_id`, `to_user_id`, `media_id`, `body`, `created_at`) VALUES ('39', '39', '39', '39', 'Sint ipsam debitis mollitia vel et sit pariatur. Eum est ipsa nesciunt. Culpa id unde doloribus et.', '2016-11-19 12:15:39');
INSERT INTO `messages` (`id`, `from_user_id`, `to_user_id`, `media_id`, `body`, `created_at`) VALUES ('40', '40', '40', '40', 'Ullam perferendis ipsam libero id. Qui rerum totam doloremque similique illum iusto aperiam perferendis. Deserunt ut consectetur necessitatibus molestiae molestiae quo qui. Eos porro in laudantium dolor sit.', '1990-08-13 10:55:15');
INSERT INTO `messages` (`id`, `from_user_id`, `to_user_id`, `media_id`, `body`, `created_at`) VALUES ('41', '41', '41', '41', 'Reiciendis natus in voluptatem temporibus voluptates saepe. Voluptas libero voluptatem corrupti quia aut velit. Hic pariatur dolor aut unde veritatis occaecati ut. Impedit facere impedit consequuntur sint quis labore.', '1989-04-27 09:01:26');
INSERT INTO `messages` (`id`, `from_user_id`, `to_user_id`, `media_id`, `body`, `created_at`) VALUES ('42', '42', '42', '42', 'Et est vel quae illum. Dolorem voluptatibus expedita quo architecto quas veniam qui atque. Molestiae consequuntur et ducimus. Ullam commodi rerum ut temporibus corporis consequatur et sit. Et similique sit eaque ut veritatis sed impedit quos.', '1999-02-28 13:04:05');
INSERT INTO `messages` (`id`, `from_user_id`, `to_user_id`, `media_id`, `body`, `created_at`) VALUES ('43', '43', '43', '43', 'Sapiente sunt blanditiis suscipit dolores modi explicabo. Et expedita in id tenetur. Sit cum officiis omnis.', '1986-04-27 12:35:44');
INSERT INTO `messages` (`id`, `from_user_id`, `to_user_id`, `media_id`, `body`, `created_at`) VALUES ('44', '44', '44', '44', 'Optio vero voluptas et dolore culpa deserunt autem. Alias porro exercitationem incidunt fugit. Sint iusto necessitatibus quia rerum. Sed deserunt voluptate ab.', '1982-08-10 01:56:37');
INSERT INTO `messages` (`id`, `from_user_id`, `to_user_id`, `media_id`, `body`, `created_at`) VALUES ('45', '45', '45', '45', 'Voluptatum qui non voluptas asperiores. Et laboriosam nemo minus deleniti eum. Esse voluptatibus aut fugit doloremque numquam. Occaecati est perspiciatis eum enim quis. Quisquam inventore voluptatem sequi fugit amet et.', '1995-07-01 16:49:53');
INSERT INTO `messages` (`id`, `from_user_id`, `to_user_id`, `media_id`, `body`, `created_at`) VALUES ('46', '46', '46', '46', 'Sit non asperiores eum culpa. Deleniti unde sed adipisci numquam consequuntur qui. Et est debitis hic sed neque.', '2014-09-12 08:07:49');
INSERT INTO `messages` (`id`, `from_user_id`, `to_user_id`, `media_id`, `body`, `created_at`) VALUES ('47', '47', '47', '47', 'Quos omnis cupiditate enim consequatur sit odit. Itaque est unde culpa quasi perferendis.', '2019-04-03 19:39:42');
INSERT INTO `messages` (`id`, `from_user_id`, `to_user_id`, `media_id`, `body`, `created_at`) VALUES ('48', '48', '48', '48', 'Eos ipsa asperiores voluptate voluptas. Maxime et quidem labore aut consequuntur excepturi consequatur. Possimus nihil dolore eius asperiores reprehenderit nam mollitia. Molestiae illo aperiam et libero in earum est.', '1983-10-14 21:10:09');
INSERT INTO `messages` (`id`, `from_user_id`, `to_user_id`, `media_id`, `body`, `created_at`) VALUES ('49', '49', '49', '49', 'Quae inventore deleniti distinctio quo nihil omnis velit. Dolor et omnis repellendus et deleniti error. Cupiditate exercitationem eum quasi.', '1990-11-23 22:27:31');
INSERT INTO `messages` (`id`, `from_user_id`, `to_user_id`, `media_id`, `body`, `created_at`) VALUES ('50', '50', '50', '50', 'Consectetur facere ea dolor. Inventore culpa in dolorem et eligendi rerum. Qui dolores recusandae eveniet beatae quo.', '2011-07-02 19:54:05');
INSERT INTO `messages` (`id`, `from_user_id`, `to_user_id`, `media_id`, `body`, `created_at`) VALUES ('51', '51', '51', '51', 'Enim veniam quibusdam et rerum. Consequuntur quia porro et tenetur. Accusamus vel eos sunt.', '2013-10-17 14:25:28');
INSERT INTO `messages` (`id`, `from_user_id`, `to_user_id`, `media_id`, `body`, `created_at`) VALUES ('52', '52', '52', '52', 'Occaecati eaque occaecati veniam sunt at praesentium. Libero optio dolor ut. Voluptas sunt aut similique maxime numquam est esse non.', '1981-07-26 21:54:05');
INSERT INTO `messages` (`id`, `from_user_id`, `to_user_id`, `media_id`, `body`, `created_at`) VALUES ('53', '53', '53', '53', 'Sed non et sit saepe soluta optio sunt unde. Ut sit molestias quae neque asperiores. Assumenda quae expedita ut pariatur et.', '1989-01-04 13:35:51');
INSERT INTO `messages` (`id`, `from_user_id`, `to_user_id`, `media_id`, `body`, `created_at`) VALUES ('54', '54', '54', '54', 'Tenetur consequuntur rem alias fugit debitis voluptatem. Et laboriosam tempore aut assumenda sed quis quo et. Eaque numquam totam ducimus accusantium facere ratione nulla. Enim repellendus commodi ipsum aliquam dolorem.', '2002-06-12 02:38:00');
INSERT INTO `messages` (`id`, `from_user_id`, `to_user_id`, `media_id`, `body`, `created_at`) VALUES ('55', '55', '55', '55', 'Sed ut quaerat consequatur voluptatem et quod voluptatem. Maiores debitis quibusdam soluta. Laborum dolorem ut corporis et eaque. Ipsa id porro deleniti reprehenderit iusto expedita.', '2014-11-07 08:52:56');
INSERT INTO `messages` (`id`, `from_user_id`, `to_user_id`, `media_id`, `body`, `created_at`) VALUES ('56', '56', '56', '56', 'Eos accusantium quo omnis ducimus quia ut quas rerum. Quasi provident facere quos. Fugit aliquid praesentium suscipit cumque assumenda possimus deleniti.', '2013-10-19 19:41:13');
INSERT INTO `messages` (`id`, `from_user_id`, `to_user_id`, `media_id`, `body`, `created_at`) VALUES ('57', '57', '57', '57', 'Modi et eligendi ex. Incidunt natus perferendis accusamus accusantium et dolores quasi. Maiores totam placeat qui officia.', '2003-01-04 13:50:06');
INSERT INTO `messages` (`id`, `from_user_id`, `to_user_id`, `media_id`, `body`, `created_at`) VALUES ('58', '58', '58', '58', 'Doloremque velit et aut necessitatibus. Consequatur sequi perferendis fugiat quibusdam. Aut quam asperiores dolorem autem. Et eos enim quaerat animi sunt non architecto.', '1974-10-14 03:11:03');
INSERT INTO `messages` (`id`, `from_user_id`, `to_user_id`, `media_id`, `body`, `created_at`) VALUES ('59', '59', '59', '59', 'Sequi dolores pariatur perferendis maiores. Magni dicta consectetur ipsam aliquid ipsa qui. Est omnis ratione in aut qui.', '2002-10-08 04:42:12');
INSERT INTO `messages` (`id`, `from_user_id`, `to_user_id`, `media_id`, `body`, `created_at`) VALUES ('60', '60', '60', '60', 'Voluptatum ut dolore incidunt sit harum unde. Reiciendis sit consequatur voluptatem dolor. Est harum animi voluptatem quia. Repudiandae aut illum vel quisquam molestiae nesciunt.', '1982-04-24 02:04:13');
INSERT INTO `messages` (`id`, `from_user_id`, `to_user_id`, `media_id`, `body`, `created_at`) VALUES ('61', '61', '61', '61', 'Iure non ut vel consequatur omnis. Doloremque harum veniam ex voluptatem voluptatem. Deleniti totam natus dicta natus minus quo molestiae totam.', '1978-09-08 17:28:07');
INSERT INTO `messages` (`id`, `from_user_id`, `to_user_id`, `media_id`, `body`, `created_at`) VALUES ('62', '62', '62', '62', 'Impedit aliquid eos et dicta quia provident odit. Quasi et aperiam eos ipsum nam et maxime. Officia ea eum excepturi libero qui aut.', '2014-04-01 00:28:41');
INSERT INTO `messages` (`id`, `from_user_id`, `to_user_id`, `media_id`, `body`, `created_at`) VALUES ('63', '63', '63', '63', 'Non voluptatem sint consequuntur ipsam voluptatibus. Earum voluptas omnis iste deleniti cumque. Quia aut animi in temporibus corrupti. Ea et eos et.', '1976-03-04 19:16:47');
INSERT INTO `messages` (`id`, `from_user_id`, `to_user_id`, `media_id`, `body`, `created_at`) VALUES ('64', '64', '64', '64', 'Possimus reiciendis et enim consequatur eos corrupti. Quia asperiores veniam eum a non consequatur. Culpa voluptatem facere recusandae in. Dolore molestiae a ut eius tempora quisquam.', '1989-08-01 19:04:46');
INSERT INTO `messages` (`id`, `from_user_id`, `to_user_id`, `media_id`, `body`, `created_at`) VALUES ('65', '65', '65', '65', 'Et laudantium eum molestias voluptatem. Occaecati tempora ipsum et fugit alias. Eum omnis vitae deserunt sit voluptas voluptates.', '1971-03-20 09:00:47');
INSERT INTO `messages` (`id`, `from_user_id`, `to_user_id`, `media_id`, `body`, `created_at`) VALUES ('66', '66', '66', '66', 'Ut magni vitae dicta. Et doloremque voluptatem quisquam ea aperiam quo voluptatem. Qui consequatur exercitationem non quia a.', '2014-04-27 20:48:29');
INSERT INTO `messages` (`id`, `from_user_id`, `to_user_id`, `media_id`, `body`, `created_at`) VALUES ('67', '67', '67', '67', 'Eligendi consequatur atque et. Voluptates nobis eum velit eum. Aspernatur excepturi molestiae natus voluptas. Accusantium et alias molestiae et eum et reprehenderit.', '1997-02-07 16:55:31');
INSERT INTO `messages` (`id`, `from_user_id`, `to_user_id`, `media_id`, `body`, `created_at`) VALUES ('68', '68', '68', '68', 'Non sunt eos in. Quasi vero molestiae recusandae aut nemo quia. Delectus inventore consequatur tempore occaecati numquam ducimus. Quidem odit id sit autem laudantium.', '1973-06-05 12:21:50');
INSERT INTO `messages` (`id`, `from_user_id`, `to_user_id`, `media_id`, `body`, `created_at`) VALUES ('69', '69', '69', '69', 'Qui quaerat asperiores et. Vero quod et est architecto repellendus nesciunt. Quibusdam libero perferendis doloribus.', '1983-07-17 18:44:25');
INSERT INTO `messages` (`id`, `from_user_id`, `to_user_id`, `media_id`, `body`, `created_at`) VALUES ('70', '70', '70', '70', 'Numquam magni illum non est architecto vero vero. Ut ipsum quam dolor atque in aut saepe vero. Quis aut excepturi officiis sint earum possimus commodi.', '1996-08-28 04:55:23');
INSERT INTO `messages` (`id`, `from_user_id`, `to_user_id`, `media_id`, `body`, `created_at`) VALUES ('71', '71', '71', '71', 'Aspernatur aperiam perferendis alias qui tempore laboriosam ut. Ipsa occaecati mollitia ut. Sit rerum delectus placeat nihil similique tenetur laborum et.', '2006-07-13 01:47:42');
INSERT INTO `messages` (`id`, `from_user_id`, `to_user_id`, `media_id`, `body`, `created_at`) VALUES ('72', '72', '72', '72', 'Deleniti nam animi qui quae placeat voluptates voluptate. Quis tenetur dolorum commodi iure. Est provident aperiam nihil ullam aspernatur laudantium iste. Ut fuga numquam autem itaque ut in odit.', '1984-08-16 04:35:10');
INSERT INTO `messages` (`id`, `from_user_id`, `to_user_id`, `media_id`, `body`, `created_at`) VALUES ('73', '73', '73', '73', 'Quasi quis hic quae velit id unde rerum. Commodi ab et nisi voluptatibus laborum laborum. Velit a doloribus corporis necessitatibus earum quia officiis ullam. Est magni omnis iure consequuntur est.', '1984-06-23 06:56:17');
INSERT INTO `messages` (`id`, `from_user_id`, `to_user_id`, `media_id`, `body`, `created_at`) VALUES ('74', '74', '74', '74', 'Quos ut et exercitationem sed numquam. Itaque ea non voluptatem et reiciendis. Aspernatur nesciunt accusamus rerum corrupti vel. Voluptatem delectus quis voluptatem ab.', '2009-02-21 08:57:04');
INSERT INTO `messages` (`id`, `from_user_id`, `to_user_id`, `media_id`, `body`, `created_at`) VALUES ('75', '75', '75', '75', 'Consequatur distinctio aut quia nisi adipisci. Optio soluta et voluptates quidem quaerat. Delectus accusamus animi non a asperiores deserunt excepturi.', '1990-04-23 23:15:08');
INSERT INTO `messages` (`id`, `from_user_id`, `to_user_id`, `media_id`, `body`, `created_at`) VALUES ('76', '76', '76', '76', 'Sed quia consequuntur debitis enim. Sint accusamus voluptas similique. Autem animi qui tempora amet ea. Qui libero non nihil aut mollitia rerum non non.', '1990-10-01 23:17:40');
INSERT INTO `messages` (`id`, `from_user_id`, `to_user_id`, `media_id`, `body`, `created_at`) VALUES ('77', '77', '77', '77', 'Molestiae aut nihil ut soluta minima ad dicta. Laborum ut saepe ipsum et fugit. Voluptas qui ipsam veritatis commodi.', '2001-09-15 10:34:46');
INSERT INTO `messages` (`id`, `from_user_id`, `to_user_id`, `media_id`, `body`, `created_at`) VALUES ('78', '78', '78', '78', 'Ut sint maxime sed sunt. Nam vitae quam laboriosam est ut animi.', '1981-03-20 19:26:49');
INSERT INTO `messages` (`id`, `from_user_id`, `to_user_id`, `media_id`, `body`, `created_at`) VALUES ('79', '79', '79', '79', 'Quo ut quis sapiente sit cum laudantium. Rerum non et ex a magnam fuga.', '2002-11-01 20:49:44');
INSERT INTO `messages` (`id`, `from_user_id`, `to_user_id`, `media_id`, `body`, `created_at`) VALUES ('80', '80', '80', '80', 'Odio earum quibusdam est at aut fuga. Nobis possimus cum cupiditate voluptas. Nihil earum nihil ratione.', '2004-09-28 16:01:24');
INSERT INTO `messages` (`id`, `from_user_id`, `to_user_id`, `media_id`, `body`, `created_at`) VALUES ('81', '81', '81', '81', 'Ut repudiandae et recusandae iste ratione veniam. Quia dolor eligendi omnis libero odio est. Magnam sit non et.', '1970-07-20 04:29:02');
INSERT INTO `messages` (`id`, `from_user_id`, `to_user_id`, `media_id`, `body`, `created_at`) VALUES ('82', '82', '82', '82', 'Labore culpa ullam aperiam enim facere. Nostrum mollitia cumque adipisci consequatur doloremque architecto provident nihil. Dolor in enim dolor neque perferendis nam ab. Beatae necessitatibus delectus esse sit minus consequuntur qui.', '1971-02-21 01:58:04');
INSERT INTO `messages` (`id`, `from_user_id`, `to_user_id`, `media_id`, `body`, `created_at`) VALUES ('83', '83', '83', '83', 'Atque praesentium eum vel debitis molestiae qui amet est. Dolore aut quia animi laborum quod nam animi. Esse sed dolor praesentium.', '2003-09-06 00:07:29');
INSERT INTO `messages` (`id`, `from_user_id`, `to_user_id`, `media_id`, `body`, `created_at`) VALUES ('84', '84', '84', '84', 'Inventore maiores asperiores exercitationem adipisci. Error voluptatibus dolorem totam ducimus sed deserunt. Numquam explicabo aliquid aperiam excepturi aut dolorem quos.', '1998-09-20 02:38:09');
INSERT INTO `messages` (`id`, `from_user_id`, `to_user_id`, `media_id`, `body`, `created_at`) VALUES ('85', '85', '85', '85', 'Tempora quia architecto ut sed. Ut fugit nobis necessitatibus cum et veniam eum est. Dicta consequatur numquam temporibus ipsa dolores alias.', '2008-04-09 20:43:17');
INSERT INTO `messages` (`id`, `from_user_id`, `to_user_id`, `media_id`, `body`, `created_at`) VALUES ('86', '86', '86', '86', 'Consequatur sequi accusantium non rem facere. Et totam commodi perspiciatis repudiandae eum. Recusandae at consequatur hic praesentium. Atque error est id natus.', '2003-08-27 15:34:40');
INSERT INTO `messages` (`id`, `from_user_id`, `to_user_id`, `media_id`, `body`, `created_at`) VALUES ('87', '87', '87', '87', 'Repellendus id quaerat doloremque ea. Quibusdam similique ut fugit inventore deserunt explicabo. Voluptas doloremque quia qui amet qui enim.', '1996-09-14 14:57:45');
INSERT INTO `messages` (`id`, `from_user_id`, `to_user_id`, `media_id`, `body`, `created_at`) VALUES ('88', '88', '88', '88', 'Incidunt beatae amet consequuntur sapiente reiciendis. Rerum rerum commodi non perspiciatis. Corporis id dolorum vel. Aut neque id et dolore.', '2013-01-31 06:37:16');
INSERT INTO `messages` (`id`, `from_user_id`, `to_user_id`, `media_id`, `body`, `created_at`) VALUES ('89', '89', '89', '89', 'Laudantium consequatur consectetur et voluptate excepturi voluptas. Eligendi sed debitis dicta hic. Rerum voluptatum rerum magni.', '1977-07-28 23:15:51');
INSERT INTO `messages` (`id`, `from_user_id`, `to_user_id`, `media_id`, `body`, `created_at`) VALUES ('90', '90', '90', '90', 'Excepturi ut qui ab aperiam. Consequatur inventore voluptatem corporis itaque officia et. Eaque aut officia ex ut incidunt.', '1974-07-10 15:33:32');
INSERT INTO `messages` (`id`, `from_user_id`, `to_user_id`, `media_id`, `body`, `created_at`) VALUES ('91', '91', '91', '91', 'Quia dolor dignissimos mollitia unde aperiam natus iure ullam. Ex excepturi et nulla. Vel ipsum nihil qui animi. Voluptates assumenda illo quod perferendis dolores totam. Est esse minus maxime voluptatem non.', '2001-01-23 23:48:14');
INSERT INTO `messages` (`id`, `from_user_id`, `to_user_id`, `media_id`, `body`, `created_at`) VALUES ('92', '92', '92', '92', 'Consequatur doloremque vel fugit eius iusto et. Dolorem laborum ex tempora eum.', '1982-08-26 07:21:25');
INSERT INTO `messages` (`id`, `from_user_id`, `to_user_id`, `media_id`, `body`, `created_at`) VALUES ('93', '93', '93', '93', 'Mollitia repellat ut dicta ut sapiente enim quisquam. Quidem non provident nulla odit. Illum ut iure repudiandae.', '2003-01-10 15:09:34');
INSERT INTO `messages` (`id`, `from_user_id`, `to_user_id`, `media_id`, `body`, `created_at`) VALUES ('94', '94', '94', '94', 'Et quo doloribus reiciendis a. Vel illum ipsa sed nisi reprehenderit quos ab. Unde error dolores id dolorum quia qui.', '1997-05-23 15:49:49');
INSERT INTO `messages` (`id`, `from_user_id`, `to_user_id`, `media_id`, `body`, `created_at`) VALUES ('95', '95', '95', '95', 'Tempora porro itaque rerum dolore. Amet numquam inventore enim inventore itaque tempore aliquam. Commodi qui dolore suscipit aliquam.', '2000-11-09 06:23:39');
INSERT INTO `messages` (`id`, `from_user_id`, `to_user_id`, `media_id`, `body`, `created_at`) VALUES ('96', '96', '96', '96', 'Animi molestias est repellat aut quia ut eius. Dolorum autem tempore sit consequatur recusandae eius delectus. Et ea aliquid saepe et quo mollitia occaecati. Doloribus mollitia natus placeat sint omnis.', '2019-03-30 06:34:09');
INSERT INTO `messages` (`id`, `from_user_id`, `to_user_id`, `media_id`, `body`, `created_at`) VALUES ('97', '97', '97', '97', 'Odit sed laudantium voluptatem. Recusandae et ea ut aperiam consequatur. Repellat mollitia aut quos quaerat perspiciatis rerum voluptas. Sit nulla omnis repellendus in eaque odio sint.', '1992-04-29 13:29:35');
INSERT INTO `messages` (`id`, `from_user_id`, `to_user_id`, `media_id`, `body`, `created_at`) VALUES ('98', '98', '98', '98', 'Cumque molestiae molestias autem consequatur labore eligendi qui. Aut ut eos officiis. Voluptas inventore voluptatibus odio ipsam. Sint in itaque quidem corrupti voluptatibus.', '2014-06-07 07:28:06');
INSERT INTO `messages` (`id`, `from_user_id`, `to_user_id`, `media_id`, `body`, `created_at`) VALUES ('99', '99', '99', '99', 'Rerum et eos eum accusamus quibusdam exercitationem. Alias omnis possimus quod molestiae veniam error blanditiis at.', '1992-08-19 02:23:10');
INSERT INTO `messages` (`id`, `from_user_id`, `to_user_id`, `media_id`, `body`, `created_at`) VALUES ('100', '100', '100', '100', 'Totam rerum aut accusamus excepturi quidem ut doloremque. Dolor et asperiores officia est vitae est nam. Et quia vero sunt enim et.', '1992-10-30 22:03:16');


#
# TABLE STRUCTURE FOR: profiles
#

DROP TABLE IF EXISTS `profiles`;

CREATE TABLE `profiles` (
  `id` bigint(20) unsigned NOT NULL AUTO_INCREMENT,
  `user_id` bigint(20) unsigned DEFAULT NULL,
  `gender` char(1) DEFAULT NULL,
  `birthday` date DEFAULT NULL,
  `photo_id` bigint(20) unsigned DEFAULT NULL,
  `hometown` varchar(150) DEFAULT NULL,
  `created_at` datetime DEFAULT current_timestamp(),
  PRIMARY KEY (`id`),
  UNIQUE KEY `id` (`id`),
  KEY `photo_id` (`photo_id`),
  KEY `user_id` (`user_id`),
  KEY `gender` (`gender`),
  KEY `birthday` (`birthday`),
  KEY `hometown` (`hometown`),
  CONSTRAINT `profiles_ibfk_1` FOREIGN KEY (`user_id`) REFERENCES `users` (`id`),
  CONSTRAINT `profiles_ibfk_2` FOREIGN KEY (`photo_id`) REFERENCES `photo` (`id`)
) ENGINE=InnoDB AUTO_INCREMENT=101 DEFAULT CHARSET=utf8;

INSERT INTO `profiles` (`id`, `user_id`, `gender`, `birthday`, `photo_id`, `hometown`, `created_at`) VALUES ('1', '1', NULL, '2017-09-10', '1', NULL, '2012-01-12 18:22:38');
INSERT INTO `profiles` (`id`, `user_id`, `gender`, `birthday`, `photo_id`, `hometown`, `created_at`) VALUES ('2', '2', NULL, '2003-11-13', '2', NULL, '2018-03-27 11:16:51');
INSERT INTO `profiles` (`id`, `user_id`, `gender`, `birthday`, `photo_id`, `hometown`, `created_at`) VALUES ('3', '3', NULL, '1976-06-15', '3', NULL, '1976-02-25 21:21:52');
INSERT INTO `profiles` (`id`, `user_id`, `gender`, `birthday`, `photo_id`, `hometown`, `created_at`) VALUES ('4', '4', NULL, '2016-01-21', '4', NULL, '1976-10-05 21:27:42');
INSERT INTO `profiles` (`id`, `user_id`, `gender`, `birthday`, `photo_id`, `hometown`, `created_at`) VALUES ('5', '5', NULL, '1994-03-17', '5', NULL, '2015-12-17 12:24:21');
INSERT INTO `profiles` (`id`, `user_id`, `gender`, `birthday`, `photo_id`, `hometown`, `created_at`) VALUES ('6', '6', NULL, '2018-01-01', '6', NULL, '2010-01-09 18:00:44');
INSERT INTO `profiles` (`id`, `user_id`, `gender`, `birthday`, `photo_id`, `hometown`, `created_at`) VALUES ('7', '7', NULL, '2003-06-11', '7', NULL, '1999-10-15 00:27:59');
INSERT INTO `profiles` (`id`, `user_id`, `gender`, `birthday`, `photo_id`, `hometown`, `created_at`) VALUES ('8', '8', NULL, '1998-11-24', '8', NULL, '1973-10-05 08:54:49');
INSERT INTO `profiles` (`id`, `user_id`, `gender`, `birthday`, `photo_id`, `hometown`, `created_at`) VALUES ('9', '9', NULL, '1993-03-21', '9', NULL, '1982-06-08 07:53:09');
INSERT INTO `profiles` (`id`, `user_id`, `gender`, `birthday`, `photo_id`, `hometown`, `created_at`) VALUES ('10', '10', NULL, '1985-12-14', '10', NULL, '2005-11-22 14:08:34');
INSERT INTO `profiles` (`id`, `user_id`, `gender`, `birthday`, `photo_id`, `hometown`, `created_at`) VALUES ('11', '11', NULL, '1980-04-30', '11', NULL, '2018-11-04 14:50:31');
INSERT INTO `profiles` (`id`, `user_id`, `gender`, `birthday`, `photo_id`, `hometown`, `created_at`) VALUES ('12', '12', NULL, '1990-07-29', '12', NULL, '2000-12-17 01:36:18');
INSERT INTO `profiles` (`id`, `user_id`, `gender`, `birthday`, `photo_id`, `hometown`, `created_at`) VALUES ('13', '13', NULL, '1979-03-05', '13', NULL, '2009-06-03 10:16:13');
INSERT INTO `profiles` (`id`, `user_id`, `gender`, `birthday`, `photo_id`, `hometown`, `created_at`) VALUES ('14', '14', NULL, '1986-03-02', '14', NULL, '1976-03-06 23:15:07');
INSERT INTO `profiles` (`id`, `user_id`, `gender`, `birthday`, `photo_id`, `hometown`, `created_at`) VALUES ('15', '15', NULL, '1976-09-12', '15', NULL, '1985-05-29 18:54:37');
INSERT INTO `profiles` (`id`, `user_id`, `gender`, `birthday`, `photo_id`, `hometown`, `created_at`) VALUES ('16', '16', NULL, '1987-10-07', '16', NULL, '1998-04-12 02:54:18');
INSERT INTO `profiles` (`id`, `user_id`, `gender`, `birthday`, `photo_id`, `hometown`, `created_at`) VALUES ('17', '17', NULL, '2010-11-06', '17', NULL, '1984-08-04 05:34:41');
INSERT INTO `profiles` (`id`, `user_id`, `gender`, `birthday`, `photo_id`, `hometown`, `created_at`) VALUES ('18', '18', NULL, '1974-01-14', '18', NULL, '2000-08-13 18:08:36');
INSERT INTO `profiles` (`id`, `user_id`, `gender`, `birthday`, `photo_id`, `hometown`, `created_at`) VALUES ('19', '19', NULL, '1990-11-24', '19', NULL, '2016-12-15 19:44:20');
INSERT INTO `profiles` (`id`, `user_id`, `gender`, `birthday`, `photo_id`, `hometown`, `created_at`) VALUES ('20', '20', NULL, '2015-07-24', '20', NULL, '2002-10-28 07:16:03');
INSERT INTO `profiles` (`id`, `user_id`, `gender`, `birthday`, `photo_id`, `hometown`, `created_at`) VALUES ('21', '21', NULL, '1997-07-22', '21', NULL, '1997-03-05 23:16:23');
INSERT INTO `profiles` (`id`, `user_id`, `gender`, `birthday`, `photo_id`, `hometown`, `created_at`) VALUES ('22', '22', NULL, '1984-08-03', '22', NULL, '1990-02-27 11:45:34');
INSERT INTO `profiles` (`id`, `user_id`, `gender`, `birthday`, `photo_id`, `hometown`, `created_at`) VALUES ('23', '23', NULL, '1981-01-03', '23', NULL, '1971-05-08 03:56:02');
INSERT INTO `profiles` (`id`, `user_id`, `gender`, `birthday`, `photo_id`, `hometown`, `created_at`) VALUES ('24', '24', NULL, '2007-07-08', '24', NULL, '2002-05-31 13:20:15');
INSERT INTO `profiles` (`id`, `user_id`, `gender`, `birthday`, `photo_id`, `hometown`, `created_at`) VALUES ('25', '25', NULL, '1991-06-01', '25', NULL, '2012-01-10 11:10:39');
INSERT INTO `profiles` (`id`, `user_id`, `gender`, `birthday`, `photo_id`, `hometown`, `created_at`) VALUES ('26', '26', NULL, '1971-07-24', '26', NULL, '1983-02-10 03:59:16');
INSERT INTO `profiles` (`id`, `user_id`, `gender`, `birthday`, `photo_id`, `hometown`, `created_at`) VALUES ('27', '27', NULL, '1973-11-13', '27', NULL, '1997-11-16 13:54:58');
INSERT INTO `profiles` (`id`, `user_id`, `gender`, `birthday`, `photo_id`, `hometown`, `created_at`) VALUES ('28', '28', NULL, '1980-07-28', '28', NULL, '2018-12-22 13:58:17');
INSERT INTO `profiles` (`id`, `user_id`, `gender`, `birthday`, `photo_id`, `hometown`, `created_at`) VALUES ('29', '29', NULL, '1976-07-27', '29', NULL, '1992-08-13 15:26:30');
INSERT INTO `profiles` (`id`, `user_id`, `gender`, `birthday`, `photo_id`, `hometown`, `created_at`) VALUES ('30', '30', NULL, '2018-09-26', '30', NULL, '1984-05-13 20:54:05');
INSERT INTO `profiles` (`id`, `user_id`, `gender`, `birthday`, `photo_id`, `hometown`, `created_at`) VALUES ('31', '31', NULL, '2008-09-25', '31', NULL, '2010-07-02 14:36:53');
INSERT INTO `profiles` (`id`, `user_id`, `gender`, `birthday`, `photo_id`, `hometown`, `created_at`) VALUES ('32', '32', NULL, '1978-04-13', '32', NULL, '2006-12-19 14:06:26');
INSERT INTO `profiles` (`id`, `user_id`, `gender`, `birthday`, `photo_id`, `hometown`, `created_at`) VALUES ('33', '33', NULL, '1970-06-28', '33', NULL, '1985-04-11 09:34:49');
INSERT INTO `profiles` (`id`, `user_id`, `gender`, `birthday`, `photo_id`, `hometown`, `created_at`) VALUES ('34', '34', NULL, '2007-12-16', '34', NULL, '2000-12-14 02:03:58');
INSERT INTO `profiles` (`id`, `user_id`, `gender`, `birthday`, `photo_id`, `hometown`, `created_at`) VALUES ('35', '35', NULL, '2004-11-12', '35', NULL, '2017-11-28 12:36:34');
INSERT INTO `profiles` (`id`, `user_id`, `gender`, `birthday`, `photo_id`, `hometown`, `created_at`) VALUES ('36', '36', NULL, '1997-08-11', '36', NULL, '1970-12-25 10:18:11');
INSERT INTO `profiles` (`id`, `user_id`, `gender`, `birthday`, `photo_id`, `hometown`, `created_at`) VALUES ('37', '37', NULL, '2017-01-09', '37', NULL, '2010-07-17 05:03:05');
INSERT INTO `profiles` (`id`, `user_id`, `gender`, `birthday`, `photo_id`, `hometown`, `created_at`) VALUES ('38', '38', NULL, '2014-05-21', '38', NULL, '2009-04-25 18:46:21');
INSERT INTO `profiles` (`id`, `user_id`, `gender`, `birthday`, `photo_id`, `hometown`, `created_at`) VALUES ('39', '39', NULL, '2002-07-30', '39', NULL, '1978-08-09 14:15:15');
INSERT INTO `profiles` (`id`, `user_id`, `gender`, `birthday`, `photo_id`, `hometown`, `created_at`) VALUES ('40', '40', NULL, '1970-04-02', '40', NULL, '2003-07-11 06:58:18');
INSERT INTO `profiles` (`id`, `user_id`, `gender`, `birthday`, `photo_id`, `hometown`, `created_at`) VALUES ('41', '41', NULL, '2007-09-21', '41', NULL, '1980-05-25 07:41:25');
INSERT INTO `profiles` (`id`, `user_id`, `gender`, `birthday`, `photo_id`, `hometown`, `created_at`) VALUES ('42', '42', NULL, '2000-03-30', '42', NULL, '1979-01-10 06:15:54');
INSERT INTO `profiles` (`id`, `user_id`, `gender`, `birthday`, `photo_id`, `hometown`, `created_at`) VALUES ('43', '43', NULL, '1984-07-22', '43', NULL, '1976-08-12 12:15:23');
INSERT INTO `profiles` (`id`, `user_id`, `gender`, `birthday`, `photo_id`, `hometown`, `created_at`) VALUES ('44', '44', NULL, '2006-07-27', '44', NULL, '1973-09-26 19:15:32');
INSERT INTO `profiles` (`id`, `user_id`, `gender`, `birthday`, `photo_id`, `hometown`, `created_at`) VALUES ('45', '45', NULL, '1995-11-24', '45', NULL, '2016-06-16 00:49:49');
INSERT INTO `profiles` (`id`, `user_id`, `gender`, `birthday`, `photo_id`, `hometown`, `created_at`) VALUES ('46', '46', NULL, '2017-11-24', '46', NULL, '2013-04-02 14:51:24');
INSERT INTO `profiles` (`id`, `user_id`, `gender`, `birthday`, `photo_id`, `hometown`, `created_at`) VALUES ('47', '47', NULL, '1995-05-04', '47', NULL, '1997-08-06 11:28:52');
INSERT INTO `profiles` (`id`, `user_id`, `gender`, `birthday`, `photo_id`, `hometown`, `created_at`) VALUES ('48', '48', NULL, '1993-03-29', '48', NULL, '1980-03-13 16:41:08');
INSERT INTO `profiles` (`id`, `user_id`, `gender`, `birthday`, `photo_id`, `hometown`, `created_at`) VALUES ('49', '49', NULL, '1976-02-04', '49', NULL, '1986-01-20 07:43:52');
INSERT INTO `profiles` (`id`, `user_id`, `gender`, `birthday`, `photo_id`, `hometown`, `created_at`) VALUES ('50', '50', NULL, '1983-07-11', '50', NULL, '2016-01-28 09:30:48');
INSERT INTO `profiles` (`id`, `user_id`, `gender`, `birthday`, `photo_id`, `hometown`, `created_at`) VALUES ('51', '51', NULL, '1998-05-22', '51', NULL, '1978-05-08 12:02:39');
INSERT INTO `profiles` (`id`, `user_id`, `gender`, `birthday`, `photo_id`, `hometown`, `created_at`) VALUES ('52', '52', NULL, '2016-03-30', '52', NULL, '2017-06-13 11:31:05');
INSERT INTO `profiles` (`id`, `user_id`, `gender`, `birthday`, `photo_id`, `hometown`, `created_at`) VALUES ('53', '53', NULL, '1986-02-06', '53', NULL, '1982-08-16 06:16:29');
INSERT INTO `profiles` (`id`, `user_id`, `gender`, `birthday`, `photo_id`, `hometown`, `created_at`) VALUES ('54', '54', NULL, '2014-01-09', '54', NULL, '1981-10-17 23:29:04');
INSERT INTO `profiles` (`id`, `user_id`, `gender`, `birthday`, `photo_id`, `hometown`, `created_at`) VALUES ('55', '55', NULL, '2003-03-20', '55', NULL, '2011-06-19 18:14:25');
INSERT INTO `profiles` (`id`, `user_id`, `gender`, `birthday`, `photo_id`, `hometown`, `created_at`) VALUES ('56', '56', NULL, '1970-04-18', '56', NULL, '1995-04-11 07:12:03');
INSERT INTO `profiles` (`id`, `user_id`, `gender`, `birthday`, `photo_id`, `hometown`, `created_at`) VALUES ('57', '57', NULL, '2019-06-29', '57', NULL, '1996-08-30 09:06:30');
INSERT INTO `profiles` (`id`, `user_id`, `gender`, `birthday`, `photo_id`, `hometown`, `created_at`) VALUES ('58', '58', NULL, '2011-08-12', '58', NULL, '2000-04-21 23:16:29');
INSERT INTO `profiles` (`id`, `user_id`, `gender`, `birthday`, `photo_id`, `hometown`, `created_at`) VALUES ('59', '59', NULL, '1991-07-19', '59', NULL, '1988-01-04 02:53:24');
INSERT INTO `profiles` (`id`, `user_id`, `gender`, `birthday`, `photo_id`, `hometown`, `created_at`) VALUES ('60', '60', NULL, '2014-09-11', '60', NULL, '2012-11-16 10:52:58');
INSERT INTO `profiles` (`id`, `user_id`, `gender`, `birthday`, `photo_id`, `hometown`, `created_at`) VALUES ('61', '61', NULL, '1997-09-09', '61', NULL, '1998-08-09 11:33:38');
INSERT INTO `profiles` (`id`, `user_id`, `gender`, `birthday`, `photo_id`, `hometown`, `created_at`) VALUES ('62', '62', NULL, '1984-12-08', '62', NULL, '2000-08-03 18:24:37');
INSERT INTO `profiles` (`id`, `user_id`, `gender`, `birthday`, `photo_id`, `hometown`, `created_at`) VALUES ('63', '63', NULL, '2006-04-01', '63', NULL, '1989-09-06 03:42:00');
INSERT INTO `profiles` (`id`, `user_id`, `gender`, `birthday`, `photo_id`, `hometown`, `created_at`) VALUES ('64', '64', NULL, '1982-01-15', '64', NULL, '1981-01-11 07:14:54');
INSERT INTO `profiles` (`id`, `user_id`, `gender`, `birthday`, `photo_id`, `hometown`, `created_at`) VALUES ('65', '65', NULL, '2007-05-19', '65', NULL, '2009-10-12 08:05:48');
INSERT INTO `profiles` (`id`, `user_id`, `gender`, `birthday`, `photo_id`, `hometown`, `created_at`) VALUES ('66', '66', NULL, '1981-08-17', '66', NULL, '1974-10-13 14:37:50');
INSERT INTO `profiles` (`id`, `user_id`, `gender`, `birthday`, `photo_id`, `hometown`, `created_at`) VALUES ('67', '67', NULL, '1989-03-07', '67', NULL, '1988-02-27 05:01:51');
INSERT INTO `profiles` (`id`, `user_id`, `gender`, `birthday`, `photo_id`, `hometown`, `created_at`) VALUES ('68', '68', NULL, '1991-08-25', '68', NULL, '1976-02-29 14:14:23');
INSERT INTO `profiles` (`id`, `user_id`, `gender`, `birthday`, `photo_id`, `hometown`, `created_at`) VALUES ('69', '69', NULL, '1971-07-21', '69', NULL, '2008-03-16 14:32:58');
INSERT INTO `profiles` (`id`, `user_id`, `gender`, `birthday`, `photo_id`, `hometown`, `created_at`) VALUES ('70', '70', NULL, '2019-01-10', '70', NULL, '2015-02-10 19:50:04');
INSERT INTO `profiles` (`id`, `user_id`, `gender`, `birthday`, `photo_id`, `hometown`, `created_at`) VALUES ('71', '71', NULL, '1990-01-28', '71', NULL, '1974-05-02 19:57:35');
INSERT INTO `profiles` (`id`, `user_id`, `gender`, `birthday`, `photo_id`, `hometown`, `created_at`) VALUES ('72', '72', NULL, '2005-02-12', '72', NULL, '1975-09-20 01:05:03');
INSERT INTO `profiles` (`id`, `user_id`, `gender`, `birthday`, `photo_id`, `hometown`, `created_at`) VALUES ('73', '73', NULL, '2013-12-26', '73', NULL, '2012-07-03 18:27:41');
INSERT INTO `profiles` (`id`, `user_id`, `gender`, `birthday`, `photo_id`, `hometown`, `created_at`) VALUES ('74', '74', NULL, '2001-02-27', '74', NULL, '1976-05-27 00:41:10');
INSERT INTO `profiles` (`id`, `user_id`, `gender`, `birthday`, `photo_id`, `hometown`, `created_at`) VALUES ('75', '75', NULL, '1975-01-15', '75', NULL, '2016-12-22 11:52:35');
INSERT INTO `profiles` (`id`, `user_id`, `gender`, `birthday`, `photo_id`, `hometown`, `created_at`) VALUES ('76', '76', NULL, '1975-04-10', '76', NULL, '1977-11-04 18:52:59');
INSERT INTO `profiles` (`id`, `user_id`, `gender`, `birthday`, `photo_id`, `hometown`, `created_at`) VALUES ('77', '77', NULL, '1988-05-11', '77', NULL, '2017-12-24 10:40:57');
INSERT INTO `profiles` (`id`, `user_id`, `gender`, `birthday`, `photo_id`, `hometown`, `created_at`) VALUES ('78', '78', NULL, '2009-08-25', '78', NULL, '2008-09-24 19:56:40');
INSERT INTO `profiles` (`id`, `user_id`, `gender`, `birthday`, `photo_id`, `hometown`, `created_at`) VALUES ('79', '79', NULL, '1988-07-25', '79', NULL, '1973-07-02 14:36:14');
INSERT INTO `profiles` (`id`, `user_id`, `gender`, `birthday`, `photo_id`, `hometown`, `created_at`) VALUES ('80', '80', NULL, '1997-10-07', '80', NULL, '1988-06-13 07:36:11');
INSERT INTO `profiles` (`id`, `user_id`, `gender`, `birthday`, `photo_id`, `hometown`, `created_at`) VALUES ('81', '81', NULL, '2012-02-11', '81', NULL, '2007-12-12 22:21:28');
INSERT INTO `profiles` (`id`, `user_id`, `gender`, `birthday`, `photo_id`, `hometown`, `created_at`) VALUES ('82', '82', NULL, '1989-01-15', '82', NULL, '2012-03-18 07:38:27');
INSERT INTO `profiles` (`id`, `user_id`, `gender`, `birthday`, `photo_id`, `hometown`, `created_at`) VALUES ('83', '83', NULL, '1995-11-02', '83', NULL, '2005-12-29 15:02:18');
INSERT INTO `profiles` (`id`, `user_id`, `gender`, `birthday`, `photo_id`, `hometown`, `created_at`) VALUES ('84', '84', NULL, '1989-09-30', '84', NULL, '1989-08-26 03:43:56');
INSERT INTO `profiles` (`id`, `user_id`, `gender`, `birthday`, `photo_id`, `hometown`, `created_at`) VALUES ('85', '85', NULL, '1992-10-25', '85', NULL, '2018-01-01 02:23:00');
INSERT INTO `profiles` (`id`, `user_id`, `gender`, `birthday`, `photo_id`, `hometown`, `created_at`) VALUES ('86', '86', NULL, '2007-03-09', '86', NULL, '1991-07-25 00:38:04');
INSERT INTO `profiles` (`id`, `user_id`, `gender`, `birthday`, `photo_id`, `hometown`, `created_at`) VALUES ('87', '87', NULL, '2015-01-26', '87', NULL, '1986-01-03 06:29:20');
INSERT INTO `profiles` (`id`, `user_id`, `gender`, `birthday`, `photo_id`, `hometown`, `created_at`) VALUES ('88', '88', NULL, '1991-07-17', '88', NULL, '1983-05-11 19:57:53');
INSERT INTO `profiles` (`id`, `user_id`, `gender`, `birthday`, `photo_id`, `hometown`, `created_at`) VALUES ('89', '89', NULL, '2013-10-07', '89', NULL, '1986-09-05 02:03:23');
INSERT INTO `profiles` (`id`, `user_id`, `gender`, `birthday`, `photo_id`, `hometown`, `created_at`) VALUES ('90', '90', NULL, '1994-10-28', '90', NULL, '1997-09-02 05:45:36');
INSERT INTO `profiles` (`id`, `user_id`, `gender`, `birthday`, `photo_id`, `hometown`, `created_at`) VALUES ('91', '91', NULL, '1992-07-31', '91', NULL, '1997-05-19 20:06:50');
INSERT INTO `profiles` (`id`, `user_id`, `gender`, `birthday`, `photo_id`, `hometown`, `created_at`) VALUES ('92', '92', NULL, '1973-10-16', '92', NULL, '1991-04-08 16:09:27');
INSERT INTO `profiles` (`id`, `user_id`, `gender`, `birthday`, `photo_id`, `hometown`, `created_at`) VALUES ('93', '93', NULL, '1998-09-15', '93', NULL, '1997-03-05 18:43:01');
INSERT INTO `profiles` (`id`, `user_id`, `gender`, `birthday`, `photo_id`, `hometown`, `created_at`) VALUES ('94', '94', NULL, '1972-01-29', '94', NULL, '1985-10-20 00:12:45');
INSERT INTO `profiles` (`id`, `user_id`, `gender`, `birthday`, `photo_id`, `hometown`, `created_at`) VALUES ('95', '95', NULL, '2011-05-06', '95', NULL, '1996-02-06 22:41:22');
INSERT INTO `profiles` (`id`, `user_id`, `gender`, `birthday`, `photo_id`, `hometown`, `created_at`) VALUES ('96', '96', NULL, '1997-07-26', '96', NULL, '1974-07-29 15:27:16');
INSERT INTO `profiles` (`id`, `user_id`, `gender`, `birthday`, `photo_id`, `hometown`, `created_at`) VALUES ('97', '97', NULL, '1998-03-31', '97', NULL, '2013-11-08 23:32:09');
INSERT INTO `profiles` (`id`, `user_id`, `gender`, `birthday`, `photo_id`, `hometown`, `created_at`) VALUES ('98', '98', NULL, '1982-10-20', '98', NULL, '2001-06-10 00:42:47');
INSERT INTO `profiles` (`id`, `user_id`, `gender`, `birthday`, `photo_id`, `hometown`, `created_at`) VALUES ('99', '99', NULL, '1975-07-19', '99', NULL, '2010-09-19 12:07:36');
INSERT INTO `profiles` (`id`, `user_id`, `gender`, `birthday`, `photo_id`, `hometown`, `created_at`) VALUES ('100', '100', NULL, '1993-02-18', '100', NULL, '2001-08-14 15:45:44');


#
# TABLE STRUCTURE FOR: likes
#

DROP TABLE IF EXISTS `likes`;

CREATE TABLE `likes` (
  `id` bigint(20) unsigned NOT NULL AUTO_INCREMENT,
  `user_id` bigint(20) unsigned DEFAULT NULL,
  `created_at` datetime DEFAULT current_timestamp(),
  PRIMARY KEY (`id`),
  UNIQUE KEY `id` (`id`),
  KEY `user_id` (`user_id`),
  CONSTRAINT `likes_ibfk_1` FOREIGN KEY (`user_id`) REFERENCES `users` (`id`)
) ENGINE=InnoDB AUTO_INCREMENT=101 DEFAULT CHARSET=utf8;

INSERT INTO `likes` (`id`, `user_id`, `created_at`) VALUES ('1', '1', '1981-06-05 03:23:16');
INSERT INTO `likes` (`id`, `user_id`, `created_at`) VALUES ('2', '2', '2018-09-21 19:14:00');
INSERT INTO `likes` (`id`, `user_id`, `created_at`) VALUES ('3', '3', '1987-01-12 11:53:29');
INSERT INTO `likes` (`id`, `user_id`, `created_at`) VALUES ('4', '4', '1989-05-20 10:44:51');
INSERT INTO `likes` (`id`, `user_id`, `created_at`) VALUES ('5', '5', '1980-04-27 04:48:49');
INSERT INTO `likes` (`id`, `user_id`, `created_at`) VALUES ('6', '6', '1997-06-10 02:36:29');
INSERT INTO `likes` (`id`, `user_id`, `created_at`) VALUES ('7', '7', '2009-02-20 18:07:53');
INSERT INTO `likes` (`id`, `user_id`, `created_at`) VALUES ('8', '8', '2003-05-09 00:03:32');
INSERT INTO `likes` (`id`, `user_id`, `created_at`) VALUES ('9', '9', '2012-01-16 03:13:27');
INSERT INTO `likes` (`id`, `user_id`, `created_at`) VALUES ('10', '10', '2014-09-13 11:03:38');
INSERT INTO `likes` (`id`, `user_id`, `created_at`) VALUES ('11', '11', '1992-03-31 20:42:36');
INSERT INTO `likes` (`id`, `user_id`, `created_at`) VALUES ('12', '12', '1990-09-10 16:44:33');
INSERT INTO `likes` (`id`, `user_id`, `created_at`) VALUES ('13', '13', '1984-09-11 12:11:57');
INSERT INTO `likes` (`id`, `user_id`, `created_at`) VALUES ('14', '14', '1976-07-16 07:28:18');
INSERT INTO `likes` (`id`, `user_id`, `created_at`) VALUES ('15', '15', '2013-01-02 22:26:55');
INSERT INTO `likes` (`id`, `user_id`, `created_at`) VALUES ('16', '16', '2014-09-21 12:11:53');
INSERT INTO `likes` (`id`, `user_id`, `created_at`) VALUES ('17', '17', '1994-05-02 03:52:13');
INSERT INTO `likes` (`id`, `user_id`, `created_at`) VALUES ('18', '18', '1987-09-02 14:11:05');
INSERT INTO `likes` (`id`, `user_id`, `created_at`) VALUES ('19', '19', '2010-09-17 08:44:32');
INSERT INTO `likes` (`id`, `user_id`, `created_at`) VALUES ('20', '20', '2006-09-29 19:07:57');
INSERT INTO `likes` (`id`, `user_id`, `created_at`) VALUES ('21', '21', '2005-08-13 18:57:42');
INSERT INTO `likes` (`id`, `user_id`, `created_at`) VALUES ('22', '22', '1986-11-30 16:10:02');
INSERT INTO `likes` (`id`, `user_id`, `created_at`) VALUES ('23', '23', '2012-01-30 06:58:33');
INSERT INTO `likes` (`id`, `user_id`, `created_at`) VALUES ('24', '24', '1998-11-12 12:32:01');
INSERT INTO `likes` (`id`, `user_id`, `created_at`) VALUES ('25', '25', '1998-04-16 06:07:36');
INSERT INTO `likes` (`id`, `user_id`, `created_at`) VALUES ('26', '26', '2005-08-25 09:50:13');
INSERT INTO `likes` (`id`, `user_id`, `created_at`) VALUES ('27', '27', '1982-01-24 21:02:45');
INSERT INTO `likes` (`id`, `user_id`, `created_at`) VALUES ('28', '28', '2017-12-14 02:13:19');
INSERT INTO `likes` (`id`, `user_id`, `created_at`) VALUES ('29', '29', '1973-08-12 13:06:04');
INSERT INTO `likes` (`id`, `user_id`, `created_at`) VALUES ('30', '30', '1984-09-09 19:52:32');
INSERT INTO `likes` (`id`, `user_id`, `created_at`) VALUES ('31', '31', '1991-03-30 18:48:47');
INSERT INTO `likes` (`id`, `user_id`, `created_at`) VALUES ('32', '32', '1981-03-04 07:17:56');
INSERT INTO `likes` (`id`, `user_id`, `created_at`) VALUES ('33', '33', '1972-04-03 06:50:04');
INSERT INTO `likes` (`id`, `user_id`, `created_at`) VALUES ('34', '34', '1996-10-26 19:43:22');
INSERT INTO `likes` (`id`, `user_id`, `created_at`) VALUES ('35', '35', '2004-06-01 15:11:13');
INSERT INTO `likes` (`id`, `user_id`, `created_at`) VALUES ('36', '36', '2017-08-01 10:35:32');
INSERT INTO `likes` (`id`, `user_id`, `created_at`) VALUES ('37', '37', '1986-03-18 13:33:57');
INSERT INTO `likes` (`id`, `user_id`, `created_at`) VALUES ('38', '38', '1974-05-31 06:35:22');
INSERT INTO `likes` (`id`, `user_id`, `created_at`) VALUES ('39', '39', '1991-02-01 07:16:53');
INSERT INTO `likes` (`id`, `user_id`, `created_at`) VALUES ('40', '40', '1975-11-10 03:30:42');
INSERT INTO `likes` (`id`, `user_id`, `created_at`) VALUES ('41', '41', '1988-02-17 16:35:03');
INSERT INTO `likes` (`id`, `user_id`, `created_at`) VALUES ('42', '42', '1996-03-07 11:41:23');
INSERT INTO `likes` (`id`, `user_id`, `created_at`) VALUES ('43', '43', '1997-10-23 14:04:30');
INSERT INTO `likes` (`id`, `user_id`, `created_at`) VALUES ('44', '44', '1995-12-11 05:27:15');
INSERT INTO `likes` (`id`, `user_id`, `created_at`) VALUES ('45', '45', '2016-09-03 05:30:07');
INSERT INTO `likes` (`id`, `user_id`, `created_at`) VALUES ('46', '46', '1982-01-22 12:26:25');
INSERT INTO `likes` (`id`, `user_id`, `created_at`) VALUES ('47', '47', '1980-08-23 22:56:26');
INSERT INTO `likes` (`id`, `user_id`, `created_at`) VALUES ('48', '48', '1984-04-11 14:55:03');
INSERT INTO `likes` (`id`, `user_id`, `created_at`) VALUES ('49', '49', '2010-02-14 11:52:04');
INSERT INTO `likes` (`id`, `user_id`, `created_at`) VALUES ('50', '50', '1978-09-30 21:45:19');
INSERT INTO `likes` (`id`, `user_id`, `created_at`) VALUES ('51', '51', '1984-05-05 07:29:03');
INSERT INTO `likes` (`id`, `user_id`, `created_at`) VALUES ('52', '52', '1978-02-19 18:31:41');
INSERT INTO `likes` (`id`, `user_id`, `created_at`) VALUES ('53', '53', '1978-03-11 15:48:06');
INSERT INTO `likes` (`id`, `user_id`, `created_at`) VALUES ('54', '54', '2006-01-28 10:06:14');
INSERT INTO `likes` (`id`, `user_id`, `created_at`) VALUES ('55', '55', '1980-05-25 06:27:52');
INSERT INTO `likes` (`id`, `user_id`, `created_at`) VALUES ('56', '56', '2012-03-12 02:53:18');
INSERT INTO `likes` (`id`, `user_id`, `created_at`) VALUES ('57', '57', '1994-02-03 16:17:19');
INSERT INTO `likes` (`id`, `user_id`, `created_at`) VALUES ('58', '58', '2004-06-23 07:51:28');
INSERT INTO `likes` (`id`, `user_id`, `created_at`) VALUES ('59', '59', '2010-02-05 05:32:11');
INSERT INTO `likes` (`id`, `user_id`, `created_at`) VALUES ('60', '60', '1973-04-15 13:43:45');
INSERT INTO `likes` (`id`, `user_id`, `created_at`) VALUES ('61', '61', '2018-07-22 11:35:47');
INSERT INTO `likes` (`id`, `user_id`, `created_at`) VALUES ('62', '62', '2010-11-08 12:50:16');
INSERT INTO `likes` (`id`, `user_id`, `created_at`) VALUES ('63', '63', '2019-05-25 04:09:55');
INSERT INTO `likes` (`id`, `user_id`, `created_at`) VALUES ('64', '64', '2001-04-17 00:11:27');
INSERT INTO `likes` (`id`, `user_id`, `created_at`) VALUES ('65', '65', '1994-09-20 17:12:54');
INSERT INTO `likes` (`id`, `user_id`, `created_at`) VALUES ('66', '66', '1975-03-26 17:13:53');
INSERT INTO `likes` (`id`, `user_id`, `created_at`) VALUES ('67', '67', '2012-02-24 09:32:21');
INSERT INTO `likes` (`id`, `user_id`, `created_at`) VALUES ('68', '68', '1998-09-24 01:00:13');
INSERT INTO `likes` (`id`, `user_id`, `created_at`) VALUES ('69', '69', '2013-12-26 19:09:08');
INSERT INTO `likes` (`id`, `user_id`, `created_at`) VALUES ('70', '70', '1982-01-02 09:11:51');
INSERT INTO `likes` (`id`, `user_id`, `created_at`) VALUES ('71', '71', '1979-09-20 02:59:55');
INSERT INTO `likes` (`id`, `user_id`, `created_at`) VALUES ('72', '72', '2017-10-23 20:20:33');
INSERT INTO `likes` (`id`, `user_id`, `created_at`) VALUES ('73', '73', '1981-02-19 08:48:57');
INSERT INTO `likes` (`id`, `user_id`, `created_at`) VALUES ('74', '74', '1992-02-29 05:50:25');
INSERT INTO `likes` (`id`, `user_id`, `created_at`) VALUES ('75', '75', '1973-04-07 11:42:50');
INSERT INTO `likes` (`id`, `user_id`, `created_at`) VALUES ('76', '76', '1981-08-18 04:17:50');
INSERT INTO `likes` (`id`, `user_id`, `created_at`) VALUES ('77', '77', '2009-01-21 00:58:58');
INSERT INTO `likes` (`id`, `user_id`, `created_at`) VALUES ('78', '78', '2018-04-15 19:07:32');
INSERT INTO `likes` (`id`, `user_id`, `created_at`) VALUES ('79', '79', '1982-03-11 14:12:59');
INSERT INTO `likes` (`id`, `user_id`, `created_at`) VALUES ('80', '80', '2007-06-02 05:45:32');
INSERT INTO `likes` (`id`, `user_id`, `created_at`) VALUES ('81', '81', '1974-05-26 10:23:47');
INSERT INTO `likes` (`id`, `user_id`, `created_at`) VALUES ('82', '82', '2015-01-28 04:11:29');
INSERT INTO `likes` (`id`, `user_id`, `created_at`) VALUES ('83', '83', '2018-09-02 03:37:05');
INSERT INTO `likes` (`id`, `user_id`, `created_at`) VALUES ('84', '84', '1994-11-22 06:41:26');
INSERT INTO `likes` (`id`, `user_id`, `created_at`) VALUES ('85', '85', '1995-08-25 13:18:24');
INSERT INTO `likes` (`id`, `user_id`, `created_at`) VALUES ('86', '86', '2000-03-18 03:13:20');
INSERT INTO `likes` (`id`, `user_id`, `created_at`) VALUES ('87', '87', '2009-11-26 15:04:13');
INSERT INTO `likes` (`id`, `user_id`, `created_at`) VALUES ('88', '88', '2017-08-26 14:36:13');
INSERT INTO `likes` (`id`, `user_id`, `created_at`) VALUES ('89', '89', '1995-08-06 01:50:38');
INSERT INTO `likes` (`id`, `user_id`, `created_at`) VALUES ('90', '90', '1972-09-16 08:19:01');
INSERT INTO `likes` (`id`, `user_id`, `created_at`) VALUES ('91', '91', '1981-03-04 19:51:28');
INSERT INTO `likes` (`id`, `user_id`, `created_at`) VALUES ('92', '92', '2017-02-03 15:56:45');
INSERT INTO `likes` (`id`, `user_id`, `created_at`) VALUES ('93', '93', '1992-03-03 08:20:26');
INSERT INTO `likes` (`id`, `user_id`, `created_at`) VALUES ('94', '94', '1978-03-19 16:50:44');
INSERT INTO `likes` (`id`, `user_id`, `created_at`) VALUES ('95', '95', '1984-11-15 11:01:25');
INSERT INTO `likes` (`id`, `user_id`, `created_at`) VALUES ('96', '96', '1970-04-08 19:38:12');
INSERT INTO `likes` (`id`, `user_id`, `created_at`) VALUES ('97', '97', '2015-08-16 12:32:06');
INSERT INTO `likes` (`id`, `user_id`, `created_at`) VALUES ('98', '98', '2001-06-28 23:21:25');
INSERT INTO `likes` (`id`, `user_id`, `created_at`) VALUES ('99', '99', '1999-11-10 06:48:00');
INSERT INTO `likes` (`id`, `user_id`, `created_at`) VALUES ('100', '100', '1971-03-17 04:22:24');


#
# TABLE STRUCTURE FOR: communities
#

DROP TABLE IF EXISTS `communities`;

CREATE TABLE `communities` (
  `id` bigint(20) unsigned NOT NULL AUTO_INCREMENT,
  `post_id` bigint(20) unsigned DEFAULT NULL,
  `name` varchar(255) DEFAULT NULL,
  PRIMARY KEY (`id`),
  UNIQUE KEY `id` (`id`),
  KEY `name` (`name`),
  KEY `post_id` (`post_id`),
  CONSTRAINT `communities_ibfk_1` FOREIGN KEY (`post_id`) REFERENCES `post` (`id`)
) ENGINE=InnoDB AUTO_INCREMENT=101 DEFAULT CHARSET=utf8;

INSERT INTO `communities` (`id`, `post_id`, `name`) VALUES ('1', '1', 'qui');
INSERT INTO `communities` (`id`, `post_id`, `name`) VALUES ('2', '2', 'rerum');
INSERT INTO `communities` (`id`, `post_id`, `name`) VALUES ('3', '3', 'vero');
INSERT INTO `communities` (`id`, `post_id`, `name`) VALUES ('4', '4', 'nihil');
INSERT INTO `communities` (`id`, `post_id`, `name`) VALUES ('5', '5', 'consequatur');
INSERT INTO `communities` (`id`, `post_id`, `name`) VALUES ('6', '6', 'nihil');
INSERT INTO `communities` (`id`, `post_id`, `name`) VALUES ('7', '7', 'quibusdam');
INSERT INTO `communities` (`id`, `post_id`, `name`) VALUES ('8', '8', 'quasi');
INSERT INTO `communities` (`id`, `post_id`, `name`) VALUES ('9', '9', 'dolorem');
INSERT INTO `communities` (`id`, `post_id`, `name`) VALUES ('10', '10', 'optio');
INSERT INTO `communities` (`id`, `post_id`, `name`) VALUES ('11', '11', 'quis');
INSERT INTO `communities` (`id`, `post_id`, `name`) VALUES ('12', '12', 'esse');
INSERT INTO `communities` (`id`, `post_id`, `name`) VALUES ('13', '13', 'molestiae');
INSERT INTO `communities` (`id`, `post_id`, `name`) VALUES ('14', '14', 'aliquam');
INSERT INTO `communities` (`id`, `post_id`, `name`) VALUES ('15', '15', 'sit');
INSERT INTO `communities` (`id`, `post_id`, `name`) VALUES ('16', '16', 'accusantium');
INSERT INTO `communities` (`id`, `post_id`, `name`) VALUES ('17', '17', 'iure');
INSERT INTO `communities` (`id`, `post_id`, `name`) VALUES ('18', '18', 'libero');
INSERT INTO `communities` (`id`, `post_id`, `name`) VALUES ('19', '19', 'repellendus');
INSERT INTO `communities` (`id`, `post_id`, `name`) VALUES ('20', '20', 'consectetur');
INSERT INTO `communities` (`id`, `post_id`, `name`) VALUES ('21', '21', 'vero');
INSERT INTO `communities` (`id`, `post_id`, `name`) VALUES ('22', '22', 'et');
INSERT INTO `communities` (`id`, `post_id`, `name`) VALUES ('23', '23', 'in');
INSERT INTO `communities` (`id`, `post_id`, `name`) VALUES ('24', '24', 'cumque');
INSERT INTO `communities` (`id`, `post_id`, `name`) VALUES ('25', '25', 'dolorem');
INSERT INTO `communities` (`id`, `post_id`, `name`) VALUES ('26', '26', 'harum');
INSERT INTO `communities` (`id`, `post_id`, `name`) VALUES ('27', '27', 'omnis');
INSERT INTO `communities` (`id`, `post_id`, `name`) VALUES ('28', '28', 'et');
INSERT INTO `communities` (`id`, `post_id`, `name`) VALUES ('29', '29', 'quidem');
INSERT INTO `communities` (`id`, `post_id`, `name`) VALUES ('30', '30', 'corrupti');
INSERT INTO `communities` (`id`, `post_id`, `name`) VALUES ('31', '31', 'laboriosam');
INSERT INTO `communities` (`id`, `post_id`, `name`) VALUES ('32', '32', 'consequuntur');
INSERT INTO `communities` (`id`, `post_id`, `name`) VALUES ('33', '33', 'sed');
INSERT INTO `communities` (`id`, `post_id`, `name`) VALUES ('34', '34', 'nisi');
INSERT INTO `communities` (`id`, `post_id`, `name`) VALUES ('35', '35', 'est');
INSERT INTO `communities` (`id`, `post_id`, `name`) VALUES ('36', '36', 'perferendis');
INSERT INTO `communities` (`id`, `post_id`, `name`) VALUES ('37', '37', 'architecto');
INSERT INTO `communities` (`id`, `post_id`, `name`) VALUES ('38', '38', 'ratione');
INSERT INTO `communities` (`id`, `post_id`, `name`) VALUES ('39', '39', 'molestiae');
INSERT INTO `communities` (`id`, `post_id`, `name`) VALUES ('40', '40', 'eos');
INSERT INTO `communities` (`id`, `post_id`, `name`) VALUES ('41', '41', 'omnis');
INSERT INTO `communities` (`id`, `post_id`, `name`) VALUES ('42', '42', 'qui');
INSERT INTO `communities` (`id`, `post_id`, `name`) VALUES ('43', '43', 'eligendi');
INSERT INTO `communities` (`id`, `post_id`, `name`) VALUES ('44', '44', 'non');
INSERT INTO `communities` (`id`, `post_id`, `name`) VALUES ('45', '45', 'corporis');
INSERT INTO `communities` (`id`, `post_id`, `name`) VALUES ('46', '46', 'consequuntur');
INSERT INTO `communities` (`id`, `post_id`, `name`) VALUES ('47', '47', 'minus');
INSERT INTO `communities` (`id`, `post_id`, `name`) VALUES ('48', '48', 'reiciendis');
INSERT INTO `communities` (`id`, `post_id`, `name`) VALUES ('49', '49', 'laudantium');
INSERT INTO `communities` (`id`, `post_id`, `name`) VALUES ('50', '50', 'est');
INSERT INTO `communities` (`id`, `post_id`, `name`) VALUES ('51', '51', 'culpa');
INSERT INTO `communities` (`id`, `post_id`, `name`) VALUES ('52', '52', 'unde');
INSERT INTO `communities` (`id`, `post_id`, `name`) VALUES ('53', '53', 'voluptas');
INSERT INTO `communities` (`id`, `post_id`, `name`) VALUES ('54', '54', 'ullam');
INSERT INTO `communities` (`id`, `post_id`, `name`) VALUES ('55', '55', 'quos');
INSERT INTO `communities` (`id`, `post_id`, `name`) VALUES ('56', '56', 'voluptas');
INSERT INTO `communities` (`id`, `post_id`, `name`) VALUES ('57', '57', 'est');
INSERT INTO `communities` (`id`, `post_id`, `name`) VALUES ('58', '58', 'provident');
INSERT INTO `communities` (`id`, `post_id`, `name`) VALUES ('59', '59', 'voluptatibus');
INSERT INTO `communities` (`id`, `post_id`, `name`) VALUES ('60', '60', 'neque');
INSERT INTO `communities` (`id`, `post_id`, `name`) VALUES ('61', '61', 'dolores');
INSERT INTO `communities` (`id`, `post_id`, `name`) VALUES ('62', '62', 'laudantium');
INSERT INTO `communities` (`id`, `post_id`, `name`) VALUES ('63', '63', 'non');
INSERT INTO `communities` (`id`, `post_id`, `name`) VALUES ('64', '64', 'molestiae');
INSERT INTO `communities` (`id`, `post_id`, `name`) VALUES ('65', '65', 'corrupti');
INSERT INTO `communities` (`id`, `post_id`, `name`) VALUES ('66', '66', 'et');
INSERT INTO `communities` (`id`, `post_id`, `name`) VALUES ('67', '67', 'nostrum');
INSERT INTO `communities` (`id`, `post_id`, `name`) VALUES ('68', '68', 'fugit');
INSERT INTO `communities` (`id`, `post_id`, `name`) VALUES ('69', '69', 'quo');
INSERT INTO `communities` (`id`, `post_id`, `name`) VALUES ('70', '70', 'dolores');
INSERT INTO `communities` (`id`, `post_id`, `name`) VALUES ('71', '71', 'ea');
INSERT INTO `communities` (`id`, `post_id`, `name`) VALUES ('72', '72', 'officia');
INSERT INTO `communities` (`id`, `post_id`, `name`) VALUES ('73', '73', 'sit');
INSERT INTO `communities` (`id`, `post_id`, `name`) VALUES ('74', '74', 'animi');
INSERT INTO `communities` (`id`, `post_id`, `name`) VALUES ('75', '75', 'ullam');
INSERT INTO `communities` (`id`, `post_id`, `name`) VALUES ('76', '76', 'doloribus');
INSERT INTO `communities` (`id`, `post_id`, `name`) VALUES ('77', '77', 'vero');
INSERT INTO `communities` (`id`, `post_id`, `name`) VALUES ('78', '78', 'aut');
INSERT INTO `communities` (`id`, `post_id`, `name`) VALUES ('79', '79', 'sed');
INSERT INTO `communities` (`id`, `post_id`, `name`) VALUES ('80', '80', 'unde');
INSERT INTO `communities` (`id`, `post_id`, `name`) VALUES ('81', '81', 'praesentium');
INSERT INTO `communities` (`id`, `post_id`, `name`) VALUES ('82', '82', 'voluptatibus');
INSERT INTO `communities` (`id`, `post_id`, `name`) VALUES ('83', '83', 'deleniti');
INSERT INTO `communities` (`id`, `post_id`, `name`) VALUES ('84', '84', 'esse');
INSERT INTO `communities` (`id`, `post_id`, `name`) VALUES ('85', '85', 'repellat');
INSERT INTO `communities` (`id`, `post_id`, `name`) VALUES ('86', '86', 'in');
INSERT INTO `communities` (`id`, `post_id`, `name`) VALUES ('87', '87', 'fuga');
INSERT INTO `communities` (`id`, `post_id`, `name`) VALUES ('88', '88', 'voluptatem');
INSERT INTO `communities` (`id`, `post_id`, `name`) VALUES ('89', '89', 'possimus');
INSERT INTO `communities` (`id`, `post_id`, `name`) VALUES ('90', '90', 'iure');
INSERT INTO `communities` (`id`, `post_id`, `name`) VALUES ('91', '91', 'et');
INSERT INTO `communities` (`id`, `post_id`, `name`) VALUES ('92', '92', 'possimus');
INSERT INTO `communities` (`id`, `post_id`, `name`) VALUES ('93', '93', 'possimus');
INSERT INTO `communities` (`id`, `post_id`, `name`) VALUES ('94', '94', 'aut');
INSERT INTO `communities` (`id`, `post_id`, `name`) VALUES ('95', '95', 'voluptatem');
INSERT INTO `communities` (`id`, `post_id`, `name`) VALUES ('96', '96', 'et');
INSERT INTO `communities` (`id`, `post_id`, `name`) VALUES ('97', '97', 'sed');
INSERT INTO `communities` (`id`, `post_id`, `name`) VALUES ('98', '98', 'temporibus');
INSERT INTO `communities` (`id`, `post_id`, `name`) VALUES ('99', '99', 'consequuntur');
INSERT INTO `communities` (`id`, `post_id`, `name`) VALUES ('100', '100', 'quas');



#
# TABLE STRUCTURE FOR: lenta
#

DROP TABLE IF EXISTS `lenta`;

CREATE TABLE `lenta` (
  `id` bigint(20) unsigned NOT NULL AUTO_INCREMENT,
  `user_id` bigint(20) unsigned DEFAULT NULL,
  `post_id` bigint(20) unsigned DEFAULT NULL,
  `updated_at` datetime DEFAULT current_timestamp(),
  PRIMARY KEY (`id`),
  UNIQUE KEY `id` (`id`),
  KEY `user_id` (`user_id`),
  KEY `post_id` (`post_id`),
  CONSTRAINT `lenta_ibfk_1` FOREIGN KEY (`user_id`) REFERENCES `users` (`id`),
  CONSTRAINT `lenta_ibfk_2` FOREIGN KEY (`post_id`) REFERENCES `post` (`id`)
) ENGINE=InnoDB AUTO_INCREMENT=101 DEFAULT CHARSET=utf8;

INSERT INTO `lenta` (`id`, `user_id`, `post_id`, `updated_at`) VALUES ('1', '1', '1', '2009-05-10 07:28:33');
INSERT INTO `lenta` (`id`, `user_id`, `post_id`, `updated_at`) VALUES ('2', '2', '2', '1976-09-18 22:05:47');
INSERT INTO `lenta` (`id`, `user_id`, `post_id`, `updated_at`) VALUES ('3', '3', '3', '1996-10-06 23:09:45');
INSERT INTO `lenta` (`id`, `user_id`, `post_id`, `updated_at`) VALUES ('4', '4', '4', '2016-09-15 19:40:50');
INSERT INTO `lenta` (`id`, `user_id`, `post_id`, `updated_at`) VALUES ('5', '5', '5', '1985-04-08 14:10:38');
INSERT INTO `lenta` (`id`, `user_id`, `post_id`, `updated_at`) VALUES ('6', '6', '6', '2007-01-14 08:34:27');
INSERT INTO `lenta` (`id`, `user_id`, `post_id`, `updated_at`) VALUES ('7', '7', '7', '2005-01-06 01:42:44');
INSERT INTO `lenta` (`id`, `user_id`, `post_id`, `updated_at`) VALUES ('8', '8', '8', '1974-05-06 07:25:41');
INSERT INTO `lenta` (`id`, `user_id`, `post_id`, `updated_at`) VALUES ('9', '9', '9', '2006-12-16 03:26:55');
INSERT INTO `lenta` (`id`, `user_id`, `post_id`, `updated_at`) VALUES ('10', '10', '10', '1970-02-28 10:53:23');
INSERT INTO `lenta` (`id`, `user_id`, `post_id`, `updated_at`) VALUES ('11', '11', '11', '1985-12-02 06:48:33');
INSERT INTO `lenta` (`id`, `user_id`, `post_id`, `updated_at`) VALUES ('12', '12', '12', '1993-11-08 05:48:15');
INSERT INTO `lenta` (`id`, `user_id`, `post_id`, `updated_at`) VALUES ('13', '13', '13', '1971-09-16 23:10:40');
INSERT INTO `lenta` (`id`, `user_id`, `post_id`, `updated_at`) VALUES ('14', '14', '14', '1970-06-05 14:22:16');
INSERT INTO `lenta` (`id`, `user_id`, `post_id`, `updated_at`) VALUES ('15', '15', '15', '1976-02-21 12:56:46');
INSERT INTO `lenta` (`id`, `user_id`, `post_id`, `updated_at`) VALUES ('16', '16', '16', '1998-02-22 15:49:31');
INSERT INTO `lenta` (`id`, `user_id`, `post_id`, `updated_at`) VALUES ('17', '17', '17', '1981-07-04 05:55:02');
INSERT INTO `lenta` (`id`, `user_id`, `post_id`, `updated_at`) VALUES ('18', '18', '18', '1979-04-26 03:18:02');
INSERT INTO `lenta` (`id`, `user_id`, `post_id`, `updated_at`) VALUES ('19', '19', '19', '1996-05-28 03:51:30');
INSERT INTO `lenta` (`id`, `user_id`, `post_id`, `updated_at`) VALUES ('20', '20', '20', '2011-05-17 13:08:53');
INSERT INTO `lenta` (`id`, `user_id`, `post_id`, `updated_at`) VALUES ('21', '21', '21', '1979-05-25 09:11:07');
INSERT INTO `lenta` (`id`, `user_id`, `post_id`, `updated_at`) VALUES ('22', '22', '22', '2014-11-30 07:57:13');
INSERT INTO `lenta` (`id`, `user_id`, `post_id`, `updated_at`) VALUES ('23', '23', '23', '1984-05-27 03:10:59');
INSERT INTO `lenta` (`id`, `user_id`, `post_id`, `updated_at`) VALUES ('24', '24', '24', '1997-10-07 16:35:06');
INSERT INTO `lenta` (`id`, `user_id`, `post_id`, `updated_at`) VALUES ('25', '25', '25', '2002-10-13 07:09:47');
INSERT INTO `lenta` (`id`, `user_id`, `post_id`, `updated_at`) VALUES ('26', '26', '26', '2009-01-05 19:09:07');
INSERT INTO `lenta` (`id`, `user_id`, `post_id`, `updated_at`) VALUES ('27', '27', '27', '1976-07-18 22:56:14');
INSERT INTO `lenta` (`id`, `user_id`, `post_id`, `updated_at`) VALUES ('28', '28', '28', '1972-01-13 17:15:09');
INSERT INTO `lenta` (`id`, `user_id`, `post_id`, `updated_at`) VALUES ('29', '29', '29', '1983-02-17 06:09:05');
INSERT INTO `lenta` (`id`, `user_id`, `post_id`, `updated_at`) VALUES ('30', '30', '30', '1999-02-03 09:23:41');
INSERT INTO `lenta` (`id`, `user_id`, `post_id`, `updated_at`) VALUES ('31', '31', '31', '1979-12-01 18:45:30');
INSERT INTO `lenta` (`id`, `user_id`, `post_id`, `updated_at`) VALUES ('32', '32', '32', '2014-11-02 21:23:48');
INSERT INTO `lenta` (`id`, `user_id`, `post_id`, `updated_at`) VALUES ('33', '33', '33', '1987-05-28 07:57:52');
INSERT INTO `lenta` (`id`, `user_id`, `post_id`, `updated_at`) VALUES ('34', '34', '34', '1972-04-13 01:23:26');
INSERT INTO `lenta` (`id`, `user_id`, `post_id`, `updated_at`) VALUES ('35', '35', '35', '1982-03-27 02:54:30');
INSERT INTO `lenta` (`id`, `user_id`, `post_id`, `updated_at`) VALUES ('36', '36', '36', '2000-11-24 09:21:40');
INSERT INTO `lenta` (`id`, `user_id`, `post_id`, `updated_at`) VALUES ('37', '37', '37', '1982-04-24 18:36:59');
INSERT INTO `lenta` (`id`, `user_id`, `post_id`, `updated_at`) VALUES ('38', '38', '38', '1996-07-08 18:03:00');
INSERT INTO `lenta` (`id`, `user_id`, `post_id`, `updated_at`) VALUES ('39', '39', '39', '2010-08-10 08:09:17');
INSERT INTO `lenta` (`id`, `user_id`, `post_id`, `updated_at`) VALUES ('40', '40', '40', '1994-02-25 10:45:56');
INSERT INTO `lenta` (`id`, `user_id`, `post_id`, `updated_at`) VALUES ('41', '41', '41', '1994-05-10 10:48:26');
INSERT INTO `lenta` (`id`, `user_id`, `post_id`, `updated_at`) VALUES ('42', '42', '42', '1971-01-04 13:24:22');
INSERT INTO `lenta` (`id`, `user_id`, `post_id`, `updated_at`) VALUES ('43', '43', '43', '1974-09-23 23:42:05');
INSERT INTO `lenta` (`id`, `user_id`, `post_id`, `updated_at`) VALUES ('44', '44', '44', '1991-01-04 07:50:56');
INSERT INTO `lenta` (`id`, `user_id`, `post_id`, `updated_at`) VALUES ('45', '45', '45', '2019-06-21 12:46:14');
INSERT INTO `lenta` (`id`, `user_id`, `post_id`, `updated_at`) VALUES ('46', '46', '46', '1976-11-07 21:56:37');
INSERT INTO `lenta` (`id`, `user_id`, `post_id`, `updated_at`) VALUES ('47', '47', '47', '1979-05-03 08:31:34');
INSERT INTO `lenta` (`id`, `user_id`, `post_id`, `updated_at`) VALUES ('48', '48', '48', '1979-04-19 22:36:24');
INSERT INTO `lenta` (`id`, `user_id`, `post_id`, `updated_at`) VALUES ('49', '49', '49', '2017-03-20 06:18:35');
INSERT INTO `lenta` (`id`, `user_id`, `post_id`, `updated_at`) VALUES ('50', '50', '50', '1990-01-22 05:48:08');
INSERT INTO `lenta` (`id`, `user_id`, `post_id`, `updated_at`) VALUES ('51', '51', '51', '1996-08-05 17:25:42');
INSERT INTO `lenta` (`id`, `user_id`, `post_id`, `updated_at`) VALUES ('52', '52', '52', '2013-01-12 22:50:13');
INSERT INTO `lenta` (`id`, `user_id`, `post_id`, `updated_at`) VALUES ('53', '53', '53', '1976-03-09 23:05:44');
INSERT INTO `lenta` (`id`, `user_id`, `post_id`, `updated_at`) VALUES ('54', '54', '54', '2004-06-17 07:53:52');
INSERT INTO `lenta` (`id`, `user_id`, `post_id`, `updated_at`) VALUES ('55', '55', '55', '1993-07-25 04:37:18');
INSERT INTO `lenta` (`id`, `user_id`, `post_id`, `updated_at`) VALUES ('56', '56', '56', '2004-03-11 09:10:21');
INSERT INTO `lenta` (`id`, `user_id`, `post_id`, `updated_at`) VALUES ('57', '57', '57', '2015-07-05 14:16:22');
INSERT INTO `lenta` (`id`, `user_id`, `post_id`, `updated_at`) VALUES ('58', '58', '58', '1975-05-02 23:08:00');
INSERT INTO `lenta` (`id`, `user_id`, `post_id`, `updated_at`) VALUES ('59', '59', '59', '2004-12-21 12:36:27');
INSERT INTO `lenta` (`id`, `user_id`, `post_id`, `updated_at`) VALUES ('60', '60', '60', '1975-09-08 11:56:54');
INSERT INTO `lenta` (`id`, `user_id`, `post_id`, `updated_at`) VALUES ('61', '61', '61', '1976-06-17 11:06:19');
INSERT INTO `lenta` (`id`, `user_id`, `post_id`, `updated_at`) VALUES ('62', '62', '62', '1989-11-20 09:43:07');
INSERT INTO `lenta` (`id`, `user_id`, `post_id`, `updated_at`) VALUES ('63', '63', '63', '2007-08-13 04:12:11');
INSERT INTO `lenta` (`id`, `user_id`, `post_id`, `updated_at`) VALUES ('64', '64', '64', '1983-09-10 12:07:41');
INSERT INTO `lenta` (`id`, `user_id`, `post_id`, `updated_at`) VALUES ('65', '65', '65', '1979-09-28 22:51:03');
INSERT INTO `lenta` (`id`, `user_id`, `post_id`, `updated_at`) VALUES ('66', '66', '66', '1991-07-09 06:12:09');
INSERT INTO `lenta` (`id`, `user_id`, `post_id`, `updated_at`) VALUES ('67', '67', '67', '1988-01-18 17:55:53');
INSERT INTO `lenta` (`id`, `user_id`, `post_id`, `updated_at`) VALUES ('68', '68', '68', '2015-06-20 03:25:20');
INSERT INTO `lenta` (`id`, `user_id`, `post_id`, `updated_at`) VALUES ('69', '69', '69', '1989-01-27 09:47:41');
INSERT INTO `lenta` (`id`, `user_id`, `post_id`, `updated_at`) VALUES ('70', '70', '70', '1987-11-28 04:46:14');
INSERT INTO `lenta` (`id`, `user_id`, `post_id`, `updated_at`) VALUES ('71', '71', '71', '1985-01-16 08:02:21');
INSERT INTO `lenta` (`id`, `user_id`, `post_id`, `updated_at`) VALUES ('72', '72', '72', '1998-07-26 09:37:18');
INSERT INTO `lenta` (`id`, `user_id`, `post_id`, `updated_at`) VALUES ('73', '73', '73', '1976-12-31 18:20:51');
INSERT INTO `lenta` (`id`, `user_id`, `post_id`, `updated_at`) VALUES ('74', '74', '74', '2017-04-08 03:56:09');
INSERT INTO `lenta` (`id`, `user_id`, `post_id`, `updated_at`) VALUES ('75', '75', '75', '2018-08-25 21:51:51');
INSERT INTO `lenta` (`id`, `user_id`, `post_id`, `updated_at`) VALUES ('76', '76', '76', '2005-06-29 19:32:40');
INSERT INTO `lenta` (`id`, `user_id`, `post_id`, `updated_at`) VALUES ('77', '77', '77', '1998-08-14 08:06:21');
INSERT INTO `lenta` (`id`, `user_id`, `post_id`, `updated_at`) VALUES ('78', '78', '78', '2003-02-26 11:03:29');
INSERT INTO `lenta` (`id`, `user_id`, `post_id`, `updated_at`) VALUES ('79', '79', '79', '1996-10-31 14:52:23');
INSERT INTO `lenta` (`id`, `user_id`, `post_id`, `updated_at`) VALUES ('80', '80', '80', '1980-02-22 05:52:08');
INSERT INTO `lenta` (`id`, `user_id`, `post_id`, `updated_at`) VALUES ('81', '81', '81', '1978-10-13 15:38:09');
INSERT INTO `lenta` (`id`, `user_id`, `post_id`, `updated_at`) VALUES ('82', '82', '82', '2019-03-10 12:15:22');
INSERT INTO `lenta` (`id`, `user_id`, `post_id`, `updated_at`) VALUES ('83', '83', '83', '2002-12-08 09:43:59');
INSERT INTO `lenta` (`id`, `user_id`, `post_id`, `updated_at`) VALUES ('84', '84', '84', '1994-02-11 22:04:58');
INSERT INTO `lenta` (`id`, `user_id`, `post_id`, `updated_at`) VALUES ('85', '85', '85', '1992-01-17 12:26:37');
INSERT INTO `lenta` (`id`, `user_id`, `post_id`, `updated_at`) VALUES ('86', '86', '86', '1985-02-13 14:11:52');
INSERT INTO `lenta` (`id`, `user_id`, `post_id`, `updated_at`) VALUES ('87', '87', '87', '2002-04-02 09:58:07');
INSERT INTO `lenta` (`id`, `user_id`, `post_id`, `updated_at`) VALUES ('88', '88', '88', '1993-10-24 17:18:45');
INSERT INTO `lenta` (`id`, `user_id`, `post_id`, `updated_at`) VALUES ('89', '89', '89', '1979-09-22 11:16:56');
INSERT INTO `lenta` (`id`, `user_id`, `post_id`, `updated_at`) VALUES ('90', '90', '90', '1987-02-06 18:11:59');
INSERT INTO `lenta` (`id`, `user_id`, `post_id`, `updated_at`) VALUES ('91', '91', '91', '2004-07-29 07:41:58');
INSERT INTO `lenta` (`id`, `user_id`, `post_id`, `updated_at`) VALUES ('92', '92', '92', '1971-08-01 17:22:16');
INSERT INTO `lenta` (`id`, `user_id`, `post_id`, `updated_at`) VALUES ('93', '93', '93', '2007-04-26 03:30:52');
INSERT INTO `lenta` (`id`, `user_id`, `post_id`, `updated_at`) VALUES ('94', '94', '94', '1995-08-26 06:39:28');
INSERT INTO `lenta` (`id`, `user_id`, `post_id`, `updated_at`) VALUES ('95', '95', '95', '2014-06-11 06:27:19');
INSERT INTO `lenta` (`id`, `user_id`, `post_id`, `updated_at`) VALUES ('96', '96', '96', '2011-06-10 03:49:03');
INSERT INTO `lenta` (`id`, `user_id`, `post_id`, `updated_at`) VALUES ('97', '97', '97', '1988-02-01 21:48:16');
INSERT INTO `lenta` (`id`, `user_id`, `post_id`, `updated_at`) VALUES ('98', '98', '98', '2003-07-10 03:04:24');
INSERT INTO `lenta` (`id`, `user_id`, `post_id`, `updated_at`) VALUES ('99', '99', '99', '1970-07-14 11:29:59');
INSERT INTO `lenta` (`id`, `user_id`, `post_id`, `updated_at`) VALUES ('100', '100', '100', '2005-06-12 17:10:08');


#
# TABLE STRUCTURE FOR: liked_entity
#

DROP TABLE IF EXISTS `liked_entity`;

CREATE TABLE `liked_entity` (
  `likes_id` bigint(20) unsigned NOT NULL,
  `entity_id` bigint(20) unsigned NOT NULL,
  `entity` enum('post','message','media','photo_album') NOT NULL,
  PRIMARY KEY (`likes_id`,`entity_id`,`entity`),
  UNIQUE KEY `likes_id` (`likes_id`),
  CONSTRAINT `liked_entity_ibfk_1` FOREIGN KEY (`likes_id`) REFERENCES `likes` (`id`)
) ENGINE=InnoDB DEFAULT CHARSET=utf8;

INSERT INTO `liked_entity` (`likes_id`, `entity_id`, `entity`) VALUES ('1', '8', 'media');
INSERT INTO `liked_entity` (`likes_id`, `entity_id`, `entity`) VALUES ('2', '50', 'message');
INSERT INTO `liked_entity` (`likes_id`, `entity_id`, `entity`) VALUES ('3', '90', 'post');
INSERT INTO `liked_entity` (`likes_id`, `entity_id`, `entity`) VALUES ('4', '23', 'media');
INSERT INTO `liked_entity` (`likes_id`, `entity_id`, `entity`) VALUES ('5', '21', 'post');
INSERT INTO `liked_entity` (`likes_id`, `entity_id`, `entity`) VALUES ('6', '39', 'media');
INSERT INTO `liked_entity` (`likes_id`, `entity_id`, `entity`) VALUES ('7', '85', 'message');
INSERT INTO `liked_entity` (`likes_id`, `entity_id`, `entity`) VALUES ('8', '11', 'post');
INSERT INTO `liked_entity` (`likes_id`, `entity_id`, `entity`) VALUES ('9', '5', 'post');
INSERT INTO `liked_entity` (`likes_id`, `entity_id`, `entity`) VALUES ('10', '35', 'media');
INSERT INTO `liked_entity` (`likes_id`, `entity_id`, `entity`) VALUES ('11', '74', 'post');
INSERT INTO `liked_entity` (`likes_id`, `entity_id`, `entity`) VALUES ('12', '40', 'message');
INSERT INTO `liked_entity` (`likes_id`, `entity_id`, `entity`) VALUES ('13', '13', 'media');
INSERT INTO `liked_entity` (`likes_id`, `entity_id`, `entity`) VALUES ('14', '19', 'media');
INSERT INTO `liked_entity` (`likes_id`, `entity_id`, `entity`) VALUES ('15', '41', 'photo_album');
INSERT INTO `liked_entity` (`likes_id`, `entity_id`, `entity`) VALUES ('16', '25', 'message');
INSERT INTO `liked_entity` (`likes_id`, `entity_id`, `entity`) VALUES ('17', '87', 'media');
INSERT INTO `liked_entity` (`likes_id`, `entity_id`, `entity`) VALUES ('18', '78', 'photo_album');
INSERT INTO `liked_entity` (`likes_id`, `entity_id`, `entity`) VALUES ('19', '93', 'photo_album');
INSERT INTO `liked_entity` (`likes_id`, `entity_id`, `entity`) VALUES ('20', '14', 'post');
INSERT INTO `liked_entity` (`likes_id`, `entity_id`, `entity`) VALUES ('21', '97', 'message');
INSERT INTO `liked_entity` (`likes_id`, `entity_id`, `entity`) VALUES ('22', '20', 'photo_album');
INSERT INTO `liked_entity` (`likes_id`, `entity_id`, `entity`) VALUES ('23', '66', 'media');
INSERT INTO `liked_entity` (`likes_id`, `entity_id`, `entity`) VALUES ('24', '90', 'message');
INSERT INTO `liked_entity` (`likes_id`, `entity_id`, `entity`) VALUES ('25', '45', 'media');
INSERT INTO `liked_entity` (`likes_id`, `entity_id`, `entity`) VALUES ('26', '85', 'message');
INSERT INTO `liked_entity` (`likes_id`, `entity_id`, `entity`) VALUES ('27', '85', 'message');
INSERT INTO `liked_entity` (`likes_id`, `entity_id`, `entity`) VALUES ('28', '38', 'media');
INSERT INTO `liked_entity` (`likes_id`, `entity_id`, `entity`) VALUES ('29', '99', 'message');
INSERT INTO `liked_entity` (`likes_id`, `entity_id`, `entity`) VALUES ('30', '14', 'photo_album');
INSERT INTO `liked_entity` (`likes_id`, `entity_id`, `entity`) VALUES ('31', '93', 'message');
INSERT INTO `liked_entity` (`likes_id`, `entity_id`, `entity`) VALUES ('32', '61', 'photo_album');
INSERT INTO `liked_entity` (`likes_id`, `entity_id`, `entity`) VALUES ('33', '68', 'post');
INSERT INTO `liked_entity` (`likes_id`, `entity_id`, `entity`) VALUES ('34', '10', 'photo_album');
INSERT INTO `liked_entity` (`likes_id`, `entity_id`, `entity`) VALUES ('35', '77', 'message');
INSERT INTO `liked_entity` (`likes_id`, `entity_id`, `entity`) VALUES ('36', '11', 'message');
INSERT INTO `liked_entity` (`likes_id`, `entity_id`, `entity`) VALUES ('37', '2', 'photo_album');
INSERT INTO `liked_entity` (`likes_id`, `entity_id`, `entity`) VALUES ('38', '18', 'photo_album');
INSERT INTO `liked_entity` (`likes_id`, `entity_id`, `entity`) VALUES ('39', '19', 'message');
INSERT INTO `liked_entity` (`likes_id`, `entity_id`, `entity`) VALUES ('40', '83', 'photo_album');
INSERT INTO `liked_entity` (`likes_id`, `entity_id`, `entity`) VALUES ('41', '9', 'photo_album');
INSERT INTO `liked_entity` (`likes_id`, `entity_id`, `entity`) VALUES ('42', '5', 'media');
INSERT INTO `liked_entity` (`likes_id`, `entity_id`, `entity`) VALUES ('43', '80', 'photo_album');
INSERT INTO `liked_entity` (`likes_id`, `entity_id`, `entity`) VALUES ('44', '52', 'media');
INSERT INTO `liked_entity` (`likes_id`, `entity_id`, `entity`) VALUES ('45', '43', 'media');
INSERT INTO `liked_entity` (`likes_id`, `entity_id`, `entity`) VALUES ('46', '23', 'media');
INSERT INTO `liked_entity` (`likes_id`, `entity_id`, `entity`) VALUES ('47', '13', 'media');
INSERT INTO `liked_entity` (`likes_id`, `entity_id`, `entity`) VALUES ('48', '62', 'message');
INSERT INTO `liked_entity` (`likes_id`, `entity_id`, `entity`) VALUES ('49', '81', 'media');
INSERT INTO `liked_entity` (`likes_id`, `entity_id`, `entity`) VALUES ('50', '89', 'media');
INSERT INTO `liked_entity` (`likes_id`, `entity_id`, `entity`) VALUES ('51', '98', 'post');
INSERT INTO `liked_entity` (`likes_id`, `entity_id`, `entity`) VALUES ('52', '85', 'message');
INSERT INTO `liked_entity` (`likes_id`, `entity_id`, `entity`) VALUES ('53', '33', 'message');
INSERT INTO `liked_entity` (`likes_id`, `entity_id`, `entity`) VALUES ('54', '3', 'post');
INSERT INTO `liked_entity` (`likes_id`, `entity_id`, `entity`) VALUES ('55', '57', 'photo_album');
INSERT INTO `liked_entity` (`likes_id`, `entity_id`, `entity`) VALUES ('56', '34', 'message');
INSERT INTO `liked_entity` (`likes_id`, `entity_id`, `entity`) VALUES ('57', '31', 'message');
INSERT INTO `liked_entity` (`likes_id`, `entity_id`, `entity`) VALUES ('58', '48', 'message');
INSERT INTO `liked_entity` (`likes_id`, `entity_id`, `entity`) VALUES ('59', '93', 'post');
INSERT INTO `liked_entity` (`likes_id`, `entity_id`, `entity`) VALUES ('60', '61', 'message');
INSERT INTO `liked_entity` (`likes_id`, `entity_id`, `entity`) VALUES ('61', '50', 'photo_album');
INSERT INTO `liked_entity` (`likes_id`, `entity_id`, `entity`) VALUES ('62', '63', 'message');
INSERT INTO `liked_entity` (`likes_id`, `entity_id`, `entity`) VALUES ('63', '99', 'media');
INSERT INTO `liked_entity` (`likes_id`, `entity_id`, `entity`) VALUES ('64', '72', 'message');
INSERT INTO `liked_entity` (`likes_id`, `entity_id`, `entity`) VALUES ('65', '30', 'post');
INSERT INTO `liked_entity` (`likes_id`, `entity_id`, `entity`) VALUES ('66', '52', 'media');
INSERT INTO `liked_entity` (`likes_id`, `entity_id`, `entity`) VALUES ('67', '12', 'photo_album');
INSERT INTO `liked_entity` (`likes_id`, `entity_id`, `entity`) VALUES ('68', '90', 'post');
INSERT INTO `liked_entity` (`likes_id`, `entity_id`, `entity`) VALUES ('69', '24', 'photo_album');
INSERT INTO `liked_entity` (`likes_id`, `entity_id`, `entity`) VALUES ('70', '30', 'message');
INSERT INTO `liked_entity` (`likes_id`, `entity_id`, `entity`) VALUES ('71', '72', 'message');
INSERT INTO `liked_entity` (`likes_id`, `entity_id`, `entity`) VALUES ('72', '5', 'message');
INSERT INTO `liked_entity` (`likes_id`, `entity_id`, `entity`) VALUES ('73', '74', 'media');
INSERT INTO `liked_entity` (`likes_id`, `entity_id`, `entity`) VALUES ('74', '72', 'photo_album');
INSERT INTO `liked_entity` (`likes_id`, `entity_id`, `entity`) VALUES ('75', '65', 'message');
INSERT INTO `liked_entity` (`likes_id`, `entity_id`, `entity`) VALUES ('76', '33', 'message');
INSERT INTO `liked_entity` (`likes_id`, `entity_id`, `entity`) VALUES ('77', '98', 'photo_album');
INSERT INTO `liked_entity` (`likes_id`, `entity_id`, `entity`) VALUES ('78', '10', 'post');
INSERT INTO `liked_entity` (`likes_id`, `entity_id`, `entity`) VALUES ('79', '67', 'message');
INSERT INTO `liked_entity` (`likes_id`, `entity_id`, `entity`) VALUES ('80', '45', 'media');
INSERT INTO `liked_entity` (`likes_id`, `entity_id`, `entity`) VALUES ('81', '57', 'post');
INSERT INTO `liked_entity` (`likes_id`, `entity_id`, `entity`) VALUES ('82', '2', 'post');
INSERT INTO `liked_entity` (`likes_id`, `entity_id`, `entity`) VALUES ('83', '26', 'media');
INSERT INTO `liked_entity` (`likes_id`, `entity_id`, `entity`) VALUES ('84', '14', 'photo_album');
INSERT INTO `liked_entity` (`likes_id`, `entity_id`, `entity`) VALUES ('85', '69', 'message');
INSERT INTO `liked_entity` (`likes_id`, `entity_id`, `entity`) VALUES ('86', '20', 'post');
INSERT INTO `liked_entity` (`likes_id`, `entity_id`, `entity`) VALUES ('87', '92', 'media');
INSERT INTO `liked_entity` (`likes_id`, `entity_id`, `entity`) VALUES ('88', '83', 'message');
INSERT INTO `liked_entity` (`likes_id`, `entity_id`, `entity`) VALUES ('89', '80', 'media');
INSERT INTO `liked_entity` (`likes_id`, `entity_id`, `entity`) VALUES ('90', '72', 'photo_album');
INSERT INTO `liked_entity` (`likes_id`, `entity_id`, `entity`) VALUES ('91', '20', 'post');
INSERT INTO `liked_entity` (`likes_id`, `entity_id`, `entity`) VALUES ('92', '26', 'message');
INSERT INTO `liked_entity` (`likes_id`, `entity_id`, `entity`) VALUES ('93', '2', 'message');
INSERT INTO `liked_entity` (`likes_id`, `entity_id`, `entity`) VALUES ('94', '57', 'photo_album');
INSERT INTO `liked_entity` (`likes_id`, `entity_id`, `entity`) VALUES ('95', '63', 'media');
INSERT INTO `liked_entity` (`likes_id`, `entity_id`, `entity`) VALUES ('96', '92', 'media');
INSERT INTO `liked_entity` (`likes_id`, `entity_id`, `entity`) VALUES ('97', '86', 'post');
INSERT INTO `liked_entity` (`likes_id`, `entity_id`, `entity`) VALUES ('98', '47', 'post');
INSERT INTO `liked_entity` (`likes_id`, `entity_id`, `entity`) VALUES ('99', '6', 'media');
INSERT INTO `liked_entity` (`likes_id`, `entity_id`, `entity`) VALUES ('100', '32', 'media');



















#
# TABLE STRUCTURE FOR: user_page
#

DROP TABLE IF EXISTS `user_page`;

CREATE TABLE `user_page` (
  `id` bigint(20) unsigned NOT NULL AUTO_INCREMENT,
  `user_id` bigint(20) unsigned DEFAULT NULL,
  `post_id` bigint(20) unsigned DEFAULT NULL,
  `created_at` datetime DEFAULT current_timestamp(),
  `updated_at` datetime DEFAULT current_timestamp(),
  PRIMARY KEY (`id`),
  UNIQUE KEY `id` (`id`),
  KEY `user_id` (`user_id`),
  KEY `post_id` (`post_id`),
  CONSTRAINT `user_page_ibfk_1` FOREIGN KEY (`user_id`) REFERENCES `users` (`id`),
  CONSTRAINT `user_page_ibfk_2` FOREIGN KEY (`post_id`) REFERENCES `post` (`id`)
) ENGINE=InnoDB AUTO_INCREMENT=101 DEFAULT CHARSET=utf8;

INSERT INTO `user_page` (`id`, `user_id`, `post_id`, `created_at`, `updated_at`) VALUES ('1', '1', '1', '1988-08-15 16:12:39', '1980-12-22 13:37:59');
INSERT INTO `user_page` (`id`, `user_id`, `post_id`, `created_at`, `updated_at`) VALUES ('2', '2', '2', '1979-09-22 14:34:38', '1971-10-30 04:13:28');
INSERT INTO `user_page` (`id`, `user_id`, `post_id`, `created_at`, `updated_at`) VALUES ('3', '3', '3', '1981-10-26 09:36:51', '1970-03-15 16:59:41');
INSERT INTO `user_page` (`id`, `user_id`, `post_id`, `created_at`, `updated_at`) VALUES ('4', '4', '4', '1974-10-11 16:09:24', '1993-02-25 09:56:14');
INSERT INTO `user_page` (`id`, `user_id`, `post_id`, `created_at`, `updated_at`) VALUES ('5', '5', '5', '2011-04-22 00:23:10', '2011-05-09 06:46:53');
INSERT INTO `user_page` (`id`, `user_id`, `post_id`, `created_at`, `updated_at`) VALUES ('6', '6', '6', '2001-08-31 06:14:09', '2015-11-26 09:00:23');
INSERT INTO `user_page` (`id`, `user_id`, `post_id`, `created_at`, `updated_at`) VALUES ('7', '7', '7', '2009-05-01 01:32:41', '2001-01-10 15:02:26');
INSERT INTO `user_page` (`id`, `user_id`, `post_id`, `created_at`, `updated_at`) VALUES ('8', '8', '8', '2015-10-21 23:32:10', '2001-09-18 06:43:13');
INSERT INTO `user_page` (`id`, `user_id`, `post_id`, `created_at`, `updated_at`) VALUES ('9', '9', '9', '2014-11-05 05:22:13', '1999-01-03 13:40:15');
INSERT INTO `user_page` (`id`, `user_id`, `post_id`, `created_at`, `updated_at`) VALUES ('10', '10', '10', '2015-02-08 16:18:57', '1987-07-13 07:11:21');
INSERT INTO `user_page` (`id`, `user_id`, `post_id`, `created_at`, `updated_at`) VALUES ('11', '11', '11', '1977-08-20 22:43:12', '1986-04-19 04:33:32');
INSERT INTO `user_page` (`id`, `user_id`, `post_id`, `created_at`, `updated_at`) VALUES ('12', '12', '12', '1989-06-30 15:45:11', '1996-08-08 03:18:18');
INSERT INTO `user_page` (`id`, `user_id`, `post_id`, `created_at`, `updated_at`) VALUES ('13', '13', '13', '2014-02-01 16:32:07', '2015-02-18 15:47:15');
INSERT INTO `user_page` (`id`, `user_id`, `post_id`, `created_at`, `updated_at`) VALUES ('14', '14', '14', '2007-08-12 18:49:47', '2008-03-19 07:52:07');
INSERT INTO `user_page` (`id`, `user_id`, `post_id`, `created_at`, `updated_at`) VALUES ('15', '15', '15', '2004-07-31 22:38:23', '1986-03-07 02:26:54');
INSERT INTO `user_page` (`id`, `user_id`, `post_id`, `created_at`, `updated_at`) VALUES ('16', '16', '16', '1976-07-24 07:29:33', '1991-01-10 01:17:10');
INSERT INTO `user_page` (`id`, `user_id`, `post_id`, `created_at`, `updated_at`) VALUES ('17', '17', '17', '2011-07-21 13:41:55', '1987-12-27 18:30:34');
INSERT INTO `user_page` (`id`, `user_id`, `post_id`, `created_at`, `updated_at`) VALUES ('18', '18', '18', '2002-02-15 10:10:37', '1990-03-22 21:36:39');
INSERT INTO `user_page` (`id`, `user_id`, `post_id`, `created_at`, `updated_at`) VALUES ('19', '19', '19', '1976-08-20 15:22:24', '2007-01-03 18:20:02');
INSERT INTO `user_page` (`id`, `user_id`, `post_id`, `created_at`, `updated_at`) VALUES ('20', '20', '20', '2006-10-11 14:20:51', '1990-07-31 20:58:01');
INSERT INTO `user_page` (`id`, `user_id`, `post_id`, `created_at`, `updated_at`) VALUES ('21', '21', '21', '1988-01-10 19:09:04', '2003-02-02 21:39:43');
INSERT INTO `user_page` (`id`, `user_id`, `post_id`, `created_at`, `updated_at`) VALUES ('22', '22', '22', '1988-04-07 04:58:19', '1982-12-02 06:56:49');
INSERT INTO `user_page` (`id`, `user_id`, `post_id`, `created_at`, `updated_at`) VALUES ('23', '23', '23', '2005-01-01 11:08:31', '1997-05-11 09:55:43');
INSERT INTO `user_page` (`id`, `user_id`, `post_id`, `created_at`, `updated_at`) VALUES ('24', '24', '24', '1996-05-14 20:13:09', '2006-05-09 01:49:12');
INSERT INTO `user_page` (`id`, `user_id`, `post_id`, `created_at`, `updated_at`) VALUES ('25', '25', '25', '1997-09-01 18:29:44', '2007-11-18 23:15:59');
INSERT INTO `user_page` (`id`, `user_id`, `post_id`, `created_at`, `updated_at`) VALUES ('26', '26', '26', '1994-08-13 23:57:53', '1994-10-08 09:44:02');
INSERT INTO `user_page` (`id`, `user_id`, `post_id`, `created_at`, `updated_at`) VALUES ('27', '27', '27', '1973-06-13 15:53:05', '1985-01-28 06:42:27');
INSERT INTO `user_page` (`id`, `user_id`, `post_id`, `created_at`, `updated_at`) VALUES ('28', '28', '28', '1988-07-14 08:27:03', '1984-10-03 21:59:41');
INSERT INTO `user_page` (`id`, `user_id`, `post_id`, `created_at`, `updated_at`) VALUES ('29', '29', '29', '2008-04-23 17:56:21', '1989-01-24 15:28:23');
INSERT INTO `user_page` (`id`, `user_id`, `post_id`, `created_at`, `updated_at`) VALUES ('30', '30', '30', '2007-06-01 11:43:11', '2016-12-14 11:33:05');
INSERT INTO `user_page` (`id`, `user_id`, `post_id`, `created_at`, `updated_at`) VALUES ('31', '31', '31', '2005-08-13 03:52:40', '1984-03-21 04:19:20');
INSERT INTO `user_page` (`id`, `user_id`, `post_id`, `created_at`, `updated_at`) VALUES ('32', '32', '32', '1971-02-08 06:34:18', '1974-10-12 06:25:56');
INSERT INTO `user_page` (`id`, `user_id`, `post_id`, `created_at`, `updated_at`) VALUES ('33', '33', '33', '1991-01-29 11:10:47', '1985-08-03 16:15:11');
INSERT INTO `user_page` (`id`, `user_id`, `post_id`, `created_at`, `updated_at`) VALUES ('34', '34', '34', '1985-02-19 15:24:07', '1983-04-30 06:46:49');
INSERT INTO `user_page` (`id`, `user_id`, `post_id`, `created_at`, `updated_at`) VALUES ('35', '35', '35', '2002-04-05 18:20:58', '1978-04-20 22:12:46');
INSERT INTO `user_page` (`id`, `user_id`, `post_id`, `created_at`, `updated_at`) VALUES ('36', '36', '36', '2013-03-05 01:26:51', '2005-12-13 19:31:33');
INSERT INTO `user_page` (`id`, `user_id`, `post_id`, `created_at`, `updated_at`) VALUES ('37', '37', '37', '1976-04-26 12:08:24', '1987-02-22 09:22:50');
INSERT INTO `user_page` (`id`, `user_id`, `post_id`, `created_at`, `updated_at`) VALUES ('38', '38', '38', '2007-09-02 17:05:19', '1980-08-22 05:44:11');
INSERT INTO `user_page` (`id`, `user_id`, `post_id`, `created_at`, `updated_at`) VALUES ('39', '39', '39', '1978-11-20 19:37:15', '1976-02-25 04:34:30');
INSERT INTO `user_page` (`id`, `user_id`, `post_id`, `created_at`, `updated_at`) VALUES ('40', '40', '40', '2005-01-04 17:15:05', '1992-03-20 13:15:41');
INSERT INTO `user_page` (`id`, `user_id`, `post_id`, `created_at`, `updated_at`) VALUES ('41', '41', '41', '1979-12-05 16:26:56', '1986-04-20 08:49:00');
INSERT INTO `user_page` (`id`, `user_id`, `post_id`, `created_at`, `updated_at`) VALUES ('42', '42', '42', '2009-02-12 22:18:19', '1990-04-19 16:56:13');
INSERT INTO `user_page` (`id`, `user_id`, `post_id`, `created_at`, `updated_at`) VALUES ('43', '43', '43', '1991-04-22 22:29:52', '1977-11-01 05:13:01');
INSERT INTO `user_page` (`id`, `user_id`, `post_id`, `created_at`, `updated_at`) VALUES ('44', '44', '44', '1985-03-16 03:00:41', '2004-10-14 03:05:17');
INSERT INTO `user_page` (`id`, `user_id`, `post_id`, `created_at`, `updated_at`) VALUES ('45', '45', '45', '1970-03-03 06:40:51', '2019-03-18 04:43:21');
INSERT INTO `user_page` (`id`, `user_id`, `post_id`, `created_at`, `updated_at`) VALUES ('46', '46', '46', '2005-04-12 16:13:24', '1980-11-15 22:47:34');
INSERT INTO `user_page` (`id`, `user_id`, `post_id`, `created_at`, `updated_at`) VALUES ('47', '47', '47', '2006-06-30 20:09:33', '1970-09-29 03:46:54');
INSERT INTO `user_page` (`id`, `user_id`, `post_id`, `created_at`, `updated_at`) VALUES ('48', '48', '48', '2002-08-16 06:14:19', '2010-07-22 16:39:23');
INSERT INTO `user_page` (`id`, `user_id`, `post_id`, `created_at`, `updated_at`) VALUES ('49', '49', '49', '2019-02-25 11:03:17', '2011-04-27 02:28:02');
INSERT INTO `user_page` (`id`, `user_id`, `post_id`, `created_at`, `updated_at`) VALUES ('50', '50', '50', '1987-08-22 10:25:12', '1987-05-09 01:21:25');
INSERT INTO `user_page` (`id`, `user_id`, `post_id`, `created_at`, `updated_at`) VALUES ('51', '51', '51', '1992-01-14 15:31:56', '1977-02-03 10:43:27');
INSERT INTO `user_page` (`id`, `user_id`, `post_id`, `created_at`, `updated_at`) VALUES ('52', '52', '52', '2013-06-16 00:56:06', '1987-10-10 14:47:39');
INSERT INTO `user_page` (`id`, `user_id`, `post_id`, `created_at`, `updated_at`) VALUES ('53', '53', '53', '2002-08-25 03:40:56', '1979-03-14 01:18:57');
INSERT INTO `user_page` (`id`, `user_id`, `post_id`, `created_at`, `updated_at`) VALUES ('54', '54', '54', '1977-12-29 11:21:48', '1970-09-29 19:27:01');
INSERT INTO `user_page` (`id`, `user_id`, `post_id`, `created_at`, `updated_at`) VALUES ('55', '55', '55', '2017-08-14 02:45:16', '1998-08-22 19:09:25');
INSERT INTO `user_page` (`id`, `user_id`, `post_id`, `created_at`, `updated_at`) VALUES ('56', '56', '56', '1999-11-26 15:00:32', '1974-09-07 07:29:45');
INSERT INTO `user_page` (`id`, `user_id`, `post_id`, `created_at`, `updated_at`) VALUES ('57', '57', '57', '2010-05-16 06:17:24', '1993-02-03 07:55:20');
INSERT INTO `user_page` (`id`, `user_id`, `post_id`, `created_at`, `updated_at`) VALUES ('58', '58', '58', '1991-10-10 09:59:52', '2007-08-24 05:24:52');
INSERT INTO `user_page` (`id`, `user_id`, `post_id`, `created_at`, `updated_at`) VALUES ('59', '59', '59', '1983-11-05 01:26:39', '1991-07-27 06:56:17');
INSERT INTO `user_page` (`id`, `user_id`, `post_id`, `created_at`, `updated_at`) VALUES ('60', '60', '60', '2012-08-27 14:30:46', '2014-07-14 20:34:26');
INSERT INTO `user_page` (`id`, `user_id`, `post_id`, `created_at`, `updated_at`) VALUES ('61', '61', '61', '2017-01-23 00:29:07', '1970-09-02 23:08:09');
INSERT INTO `user_page` (`id`, `user_id`, `post_id`, `created_at`, `updated_at`) VALUES ('62', '62', '62', '2019-04-05 14:39:08', '1987-10-10 23:18:34');
INSERT INTO `user_page` (`id`, `user_id`, `post_id`, `created_at`, `updated_at`) VALUES ('63', '63', '63', '1999-05-23 17:36:07', '1973-09-30 15:15:26');
INSERT INTO `user_page` (`id`, `user_id`, `post_id`, `created_at`, `updated_at`) VALUES ('64', '64', '64', '1986-01-30 12:35:39', '2001-06-23 07:33:12');
INSERT INTO `user_page` (`id`, `user_id`, `post_id`, `created_at`, `updated_at`) VALUES ('65', '65', '65', '1992-09-22 06:39:39', '1994-05-10 10:09:48');
INSERT INTO `user_page` (`id`, `user_id`, `post_id`, `created_at`, `updated_at`) VALUES ('66', '66', '66', '1995-12-03 08:36:36', '1975-07-28 08:33:01');
INSERT INTO `user_page` (`id`, `user_id`, `post_id`, `created_at`, `updated_at`) VALUES ('67', '67', '67', '2010-02-22 23:17:46', '1991-01-23 21:33:25');
INSERT INTO `user_page` (`id`, `user_id`, `post_id`, `created_at`, `updated_at`) VALUES ('68', '68', '68', '2015-06-10 14:59:37', '1986-11-22 19:44:18');
INSERT INTO `user_page` (`id`, `user_id`, `post_id`, `created_at`, `updated_at`) VALUES ('69', '69', '69', '1978-01-05 04:44:21', '2008-01-07 04:53:14');
INSERT INTO `user_page` (`id`, `user_id`, `post_id`, `created_at`, `updated_at`) VALUES ('70', '70', '70', '1970-01-29 18:25:29', '1999-02-18 20:13:57');
INSERT INTO `user_page` (`id`, `user_id`, `post_id`, `created_at`, `updated_at`) VALUES ('71', '71', '71', '2009-11-12 03:03:57', '2005-09-18 14:47:04');
INSERT INTO `user_page` (`id`, `user_id`, `post_id`, `created_at`, `updated_at`) VALUES ('72', '72', '72', '1980-02-01 14:37:46', '1972-11-13 02:55:38');
INSERT INTO `user_page` (`id`, `user_id`, `post_id`, `created_at`, `updated_at`) VALUES ('73', '73', '73', '1995-07-12 07:05:52', '2009-04-08 17:10:11');
INSERT INTO `user_page` (`id`, `user_id`, `post_id`, `created_at`, `updated_at`) VALUES ('74', '74', '74', '2017-07-08 16:50:49', '1985-11-14 21:40:11');
INSERT INTO `user_page` (`id`, `user_id`, `post_id`, `created_at`, `updated_at`) VALUES ('75', '75', '75', '1982-12-22 14:05:39', '1998-11-15 07:42:09');
INSERT INTO `user_page` (`id`, `user_id`, `post_id`, `created_at`, `updated_at`) VALUES ('76', '76', '76', '1999-06-07 11:12:44', '2018-01-26 10:22:09');
INSERT INTO `user_page` (`id`, `user_id`, `post_id`, `created_at`, `updated_at`) VALUES ('77', '77', '77', '1996-12-12 23:21:00', '1971-12-06 03:12:08');
INSERT INTO `user_page` (`id`, `user_id`, `post_id`, `created_at`, `updated_at`) VALUES ('78', '78', '78', '2018-03-09 04:51:38', '2007-04-02 08:25:11');
INSERT INTO `user_page` (`id`, `user_id`, `post_id`, `created_at`, `updated_at`) VALUES ('79', '79', '79', '2019-05-17 21:19:48', '2015-05-13 13:06:43');
INSERT INTO `user_page` (`id`, `user_id`, `post_id`, `created_at`, `updated_at`) VALUES ('80', '80', '80', '2007-02-05 18:06:11', '1992-11-25 09:41:18');
INSERT INTO `user_page` (`id`, `user_id`, `post_id`, `created_at`, `updated_at`) VALUES ('81', '81', '81', '2005-02-04 07:16:07', '2009-10-28 11:18:30');
INSERT INTO `user_page` (`id`, `user_id`, `post_id`, `created_at`, `updated_at`) VALUES ('82', '82', '82', '1991-11-11 08:57:01', '1987-08-25 09:00:34');
INSERT INTO `user_page` (`id`, `user_id`, `post_id`, `created_at`, `updated_at`) VALUES ('83', '83', '83', '2018-04-30 00:31:35', '2016-04-27 20:37:52');
INSERT INTO `user_page` (`id`, `user_id`, `post_id`, `created_at`, `updated_at`) VALUES ('84', '84', '84', '1974-11-27 15:50:29', '2002-09-23 05:37:38');
INSERT INTO `user_page` (`id`, `user_id`, `post_id`, `created_at`, `updated_at`) VALUES ('85', '85', '85', '2015-03-04 08:46:43', '2008-08-10 11:44:55');
INSERT INTO `user_page` (`id`, `user_id`, `post_id`, `created_at`, `updated_at`) VALUES ('86', '86', '86', '1990-06-11 14:30:19', '2019-09-10 16:01:13');
INSERT INTO `user_page` (`id`, `user_id`, `post_id`, `created_at`, `updated_at`) VALUES ('87', '87', '87', '1986-03-23 05:06:48', '1975-02-11 13:26:19');
INSERT INTO `user_page` (`id`, `user_id`, `post_id`, `created_at`, `updated_at`) VALUES ('88', '88', '88', '2003-10-10 09:41:18', '1976-01-19 11:01:07');
INSERT INTO `user_page` (`id`, `user_id`, `post_id`, `created_at`, `updated_at`) VALUES ('89', '89', '89', '2006-03-09 05:00:49', '1988-09-27 10:27:06');
INSERT INTO `user_page` (`id`, `user_id`, `post_id`, `created_at`, `updated_at`) VALUES ('90', '90', '90', '1980-01-30 15:13:28', '2015-07-13 20:44:17');
INSERT INTO `user_page` (`id`, `user_id`, `post_id`, `created_at`, `updated_at`) VALUES ('91', '91', '91', '2011-10-02 15:01:24', '2004-02-02 01:43:38');
INSERT INTO `user_page` (`id`, `user_id`, `post_id`, `created_at`, `updated_at`) VALUES ('92', '92', '92', '2019-05-17 03:46:08', '2008-04-17 22:57:18');
INSERT INTO `user_page` (`id`, `user_id`, `post_id`, `created_at`, `updated_at`) VALUES ('93', '93', '93', '2013-11-21 07:47:06', '2012-06-24 17:35:19');
INSERT INTO `user_page` (`id`, `user_id`, `post_id`, `created_at`, `updated_at`) VALUES ('94', '94', '94', '1988-09-08 04:33:03', '2016-02-14 11:58:04');
INSERT INTO `user_page` (`id`, `user_id`, `post_id`, `created_at`, `updated_at`) VALUES ('95', '95', '95', '2011-12-07 22:22:55', '1983-05-06 12:42:13');
INSERT INTO `user_page` (`id`, `user_id`, `post_id`, `created_at`, `updated_at`) VALUES ('96', '96', '96', '1979-04-17 02:54:56', '2018-01-28 10:25:06');
INSERT INTO `user_page` (`id`, `user_id`, `post_id`, `created_at`, `updated_at`) VALUES ('97', '97', '97', '1981-07-05 18:30:49', '1986-09-29 17:57:29');
INSERT INTO `user_page` (`id`, `user_id`, `post_id`, `created_at`, `updated_at`) VALUES ('98', '98', '98', '1994-08-03 13:01:18', '1978-08-14 21:22:34');
INSERT INTO `user_page` (`id`, `user_id`, `post_id`, `created_at`, `updated_at`) VALUES ('99', '99', '99', '1978-07-30 20:09:00', '2010-03-29 15:36:42');
INSERT INTO `user_page` (`id`, `user_id`, `post_id`, `created_at`, `updated_at`) VALUES ('100', '100', '100', '2012-08-31 14:39:14', '1992-06-10 12:38:30');



#
# TABLE STRUCTURE FOR: users_communities
#

DROP TABLE IF EXISTS `users_communities`;

CREATE TABLE `users_communities` (
  `user_id` bigint(20) unsigned NOT NULL,
  `community_id` bigint(20) unsigned NOT NULL,
  PRIMARY KEY (`user_id`,`community_id`),
  KEY `community_id` (`community_id`),
  CONSTRAINT `users_communities_ibfk_1` FOREIGN KEY (`user_id`) REFERENCES `users` (`id`),
  CONSTRAINT `users_communities_ibfk_2` FOREIGN KEY (`community_id`) REFERENCES `communities` (`id`)
) ENGINE=InnoDB DEFAULT CHARSET=utf8;

INSERT INTO `users_communities` (`user_id`, `community_id`) VALUES ('1', '1');
INSERT INTO `users_communities` (`user_id`, `community_id`) VALUES ('2', '2');
INSERT INTO `users_communities` (`user_id`, `community_id`) VALUES ('3', '3');
INSERT INTO `users_communities` (`user_id`, `community_id`) VALUES ('4', '4');
INSERT INTO `users_communities` (`user_id`, `community_id`) VALUES ('5', '5');
INSERT INTO `users_communities` (`user_id`, `community_id`) VALUES ('6', '6');
INSERT INTO `users_communities` (`user_id`, `community_id`) VALUES ('7', '7');
INSERT INTO `users_communities` (`user_id`, `community_id`) VALUES ('8', '8');
INSERT INTO `users_communities` (`user_id`, `community_id`) VALUES ('9', '9');
INSERT INTO `users_communities` (`user_id`, `community_id`) VALUES ('10', '10');
INSERT INTO `users_communities` (`user_id`, `community_id`) VALUES ('11', '11');
INSERT INTO `users_communities` (`user_id`, `community_id`) VALUES ('12', '12');
INSERT INTO `users_communities` (`user_id`, `community_id`) VALUES ('13', '13');
INSERT INTO `users_communities` (`user_id`, `community_id`) VALUES ('14', '14');
INSERT INTO `users_communities` (`user_id`, `community_id`) VALUES ('15', '15');
INSERT INTO `users_communities` (`user_id`, `community_id`) VALUES ('16', '16');
INSERT INTO `users_communities` (`user_id`, `community_id`) VALUES ('17', '17');
INSERT INTO `users_communities` (`user_id`, `community_id`) VALUES ('18', '18');
INSERT INTO `users_communities` (`user_id`, `community_id`) VALUES ('19', '19');
INSERT INTO `users_communities` (`user_id`, `community_id`) VALUES ('20', '20');
INSERT INTO `users_communities` (`user_id`, `community_id`) VALUES ('21', '21');
INSERT INTO `users_communities` (`user_id`, `community_id`) VALUES ('22', '22');
INSERT INTO `users_communities` (`user_id`, `community_id`) VALUES ('23', '23');
INSERT INTO `users_communities` (`user_id`, `community_id`) VALUES ('24', '24');
INSERT INTO `users_communities` (`user_id`, `community_id`) VALUES ('25', '25');
INSERT INTO `users_communities` (`user_id`, `community_id`) VALUES ('26', '26');
INSERT INTO `users_communities` (`user_id`, `community_id`) VALUES ('27', '27');
INSERT INTO `users_communities` (`user_id`, `community_id`) VALUES ('28', '28');
INSERT INTO `users_communities` (`user_id`, `community_id`) VALUES ('29', '29');
INSERT INTO `users_communities` (`user_id`, `community_id`) VALUES ('30', '30');
INSERT INTO `users_communities` (`user_id`, `community_id`) VALUES ('31', '31');
INSERT INTO `users_communities` (`user_id`, `community_id`) VALUES ('32', '32');
INSERT INTO `users_communities` (`user_id`, `community_id`) VALUES ('33', '33');
INSERT INTO `users_communities` (`user_id`, `community_id`) VALUES ('34', '34');
INSERT INTO `users_communities` (`user_id`, `community_id`) VALUES ('35', '35');
INSERT INTO `users_communities` (`user_id`, `community_id`) VALUES ('36', '36');
INSERT INTO `users_communities` (`user_id`, `community_id`) VALUES ('37', '37');
INSERT INTO `users_communities` (`user_id`, `community_id`) VALUES ('38', '38');
INSERT INTO `users_communities` (`user_id`, `community_id`) VALUES ('39', '39');
INSERT INTO `users_communities` (`user_id`, `community_id`) VALUES ('40', '40');
INSERT INTO `users_communities` (`user_id`, `community_id`) VALUES ('41', '41');
INSERT INTO `users_communities` (`user_id`, `community_id`) VALUES ('42', '42');
INSERT INTO `users_communities` (`user_id`, `community_id`) VALUES ('43', '43');
INSERT INTO `users_communities` (`user_id`, `community_id`) VALUES ('44', '44');
INSERT INTO `users_communities` (`user_id`, `community_id`) VALUES ('45', '45');
INSERT INTO `users_communities` (`user_id`, `community_id`) VALUES ('46', '46');
INSERT INTO `users_communities` (`user_id`, `community_id`) VALUES ('47', '47');
INSERT INTO `users_communities` (`user_id`, `community_id`) VALUES ('48', '48');
INSERT INTO `users_communities` (`user_id`, `community_id`) VALUES ('49', '49');
INSERT INTO `users_communities` (`user_id`, `community_id`) VALUES ('50', '50');
INSERT INTO `users_communities` (`user_id`, `community_id`) VALUES ('51', '51');
INSERT INTO `users_communities` (`user_id`, `community_id`) VALUES ('52', '52');
INSERT INTO `users_communities` (`user_id`, `community_id`) VALUES ('53', '53');
INSERT INTO `users_communities` (`user_id`, `community_id`) VALUES ('54', '54');
INSERT INTO `users_communities` (`user_id`, `community_id`) VALUES ('55', '55');
INSERT INTO `users_communities` (`user_id`, `community_id`) VALUES ('56', '56');
INSERT INTO `users_communities` (`user_id`, `community_id`) VALUES ('57', '57');
INSERT INTO `users_communities` (`user_id`, `community_id`) VALUES ('58', '58');
INSERT INTO `users_communities` (`user_id`, `community_id`) VALUES ('59', '59');
INSERT INTO `users_communities` (`user_id`, `community_id`) VALUES ('60', '60');
INSERT INTO `users_communities` (`user_id`, `community_id`) VALUES ('61', '61');
INSERT INTO `users_communities` (`user_id`, `community_id`) VALUES ('62', '62');
INSERT INTO `users_communities` (`user_id`, `community_id`) VALUES ('63', '63');
INSERT INTO `users_communities` (`user_id`, `community_id`) VALUES ('64', '64');
INSERT INTO `users_communities` (`user_id`, `community_id`) VALUES ('65', '65');
INSERT INTO `users_communities` (`user_id`, `community_id`) VALUES ('66', '66');
INSERT INTO `users_communities` (`user_id`, `community_id`) VALUES ('67', '67');
INSERT INTO `users_communities` (`user_id`, `community_id`) VALUES ('68', '68');
INSERT INTO `users_communities` (`user_id`, `community_id`) VALUES ('69', '69');
INSERT INTO `users_communities` (`user_id`, `community_id`) VALUES ('70', '70');
INSERT INTO `users_communities` (`user_id`, `community_id`) VALUES ('71', '71');
INSERT INTO `users_communities` (`user_id`, `community_id`) VALUES ('72', '72');
INSERT INTO `users_communities` (`user_id`, `community_id`) VALUES ('73', '73');
INSERT INTO `users_communities` (`user_id`, `community_id`) VALUES ('74', '74');
INSERT INTO `users_communities` (`user_id`, `community_id`) VALUES ('75', '75');
INSERT INTO `users_communities` (`user_id`, `community_id`) VALUES ('76', '76');
INSERT INTO `users_communities` (`user_id`, `community_id`) VALUES ('77', '77');
INSERT INTO `users_communities` (`user_id`, `community_id`) VALUES ('78', '78');
INSERT INTO `users_communities` (`user_id`, `community_id`) VALUES ('79', '79');
INSERT INTO `users_communities` (`user_id`, `community_id`) VALUES ('80', '80');
INSERT INTO `users_communities` (`user_id`, `community_id`) VALUES ('81', '81');
INSERT INTO `users_communities` (`user_id`, `community_id`) VALUES ('82', '82');
INSERT INTO `users_communities` (`user_id`, `community_id`) VALUES ('83', '83');
INSERT INTO `users_communities` (`user_id`, `community_id`) VALUES ('84', '84');
INSERT INTO `users_communities` (`user_id`, `community_id`) VALUES ('85', '85');
INSERT INTO `users_communities` (`user_id`, `community_id`) VALUES ('86', '86');
INSERT INTO `users_communities` (`user_id`, `community_id`) VALUES ('87', '87');
INSERT INTO `users_communities` (`user_id`, `community_id`) VALUES ('88', '88');
INSERT INTO `users_communities` (`user_id`, `community_id`) VALUES ('89', '89');
INSERT INTO `users_communities` (`user_id`, `community_id`) VALUES ('90', '90');
INSERT INTO `users_communities` (`user_id`, `community_id`) VALUES ('91', '91');
INSERT INTO `users_communities` (`user_id`, `community_id`) VALUES ('92', '92');
INSERT INTO `users_communities` (`user_id`, `community_id`) VALUES ('93', '93');
INSERT INTO `users_communities` (`user_id`, `community_id`) VALUES ('94', '94');
INSERT INTO `users_communities` (`user_id`, `community_id`) VALUES ('95', '95');
INSERT INTO `users_communities` (`user_id`, `community_id`) VALUES ('96', '96');
INSERT INTO `users_communities` (`user_id`, `community_id`) VALUES ('97', '97');
INSERT INTO `users_communities` (`user_id`, `community_id`) VALUES ('98', '98');
INSERT INTO `users_communities` (`user_id`, `community_id`) VALUES ('99', '99');
INSERT INTO `users_communities` (`user_id`, `community_id`) VALUES ('100', '100');


